medicine_id,quantity_dispensed,unit_cost_at_time,pay_rate_at_time,profit_per_unit,total_profit,dispensed_at,trade_name,company,category
1,1,82.5,55,-27.5,-27.5,2025-12-22,ACETYLCISTEINE 200GM 10SACHETS,SEDICO,SACHETS + GRANULES
1,1,82.5,55,-27.5,-27.5,2025-12-23,ACETYLCISTEINE 200GM 10SACHETS,SEDICO,SACHETS + GRANULES
1,1,82.5,55,-27.5,-27.5,2025-12-24,ACETYLCISTEINE 200GM 10SACHETS,SEDICO,SACHETS + GRANULES
1,1,82.5,55,-27.5,-27.5,2025-12-25,ACETYLCISTEINE 200GM 10SACHETS,SEDICO,SACHETS + GRANULES
1,1,82.5,55,-27.5,-27.5,2025-12-26,ACETYLCISTEINE 200GM 10SACHETS,SEDICO,SACHETS + GRANULES
1,1,82.5,55,-27.5,-27.5,2025-12-30,ACETYLCISTEINE 200GM 10SACHETS,SEDICO,SACHETS + GRANULES
1,1,82.5,55,-27.5,-27.5,2025-12-31,ACETYLCISTEINE 200GM 10SACHETS,SEDICO,SACHETS + GRANULES
1,1,82.5,55,-27.5,-27.5,2026-01-01,ACETYLCISTEINE 200GM 10SACHETS,SEDICO,SACHETS + GRANULES
1,1,82.5,55,-27.5,-27.5,2026-01-02,ACETYLCISTEINE 200GM 10SACHETS,SEDICO,SACHETS + GRANULES
1,1,82.5,55,-27.5,-27.5,2026-01-05,ACETYLCISTEINE 200GM 10SACHETS,SEDICO,SACHETS + GRANULES
1,1,82.5,55,-27.5,-27.5,2026-01-06,ACETYLCISTEINE 200GM 10SACHETS,SEDICO,SACHETS + GRANULES
1,1,82.5,55,-27.5,-27.5,2026-01-07,ACETYLCISTEINE 200GM 10SACHETS,SEDICO,SACHETS + GRANULES
1,1,82.5,55,-27.5,-27.5,2026-01-08,ACETYLCISTEINE 200GM 10SACHETS,SEDICO,SACHETS + GRANULES
1,1,82.5,55,-27.5,-27.5,2026-01-09,ACETYLCISTEINE 200GM 10SACHETS,SEDICO,SACHETS + GRANULES
1,1,82.5,55,-27.5,-27.5,2026-01-12,ACETYLCISTEINE 200GM 10SACHETS,SEDICO,SACHETS + GRANULES
1,1,82.5,55,-27.5,-27.5,2026-01-14,ACETYLCISTEINE 200GM 10SACHETS,SEDICO,SACHETS + GRANULES
1,1,82.5,55,-27.5,-27.5,2026-01-16,ACETYLCISTEINE 200GM 10SACHETS,SEDICO,SACHETS + GRANULES
1,1,82.5,55,-27.5,-27.5,2026-01-18,ACETYLCISTEINE 200GM 10SACHETS,SEDICO,SACHETS + GRANULES
1,1,82.5,55,-27.5,-27.5,2026-01-19,ACETYLCISTEINE 200GM 10SACHETS,SEDICO,SACHETS + GRANULES
1,1,82.5,55,-27.5,-27.5,2026-01-20,ACETYLCISTEINE 200GM 10SACHETS,SEDICO,SACHETS + GRANULES
1,1,82.5,55,-27.5,-27.5,2026-01-21,ACETYLCISTEINE 200GM 10SACHETS,SEDICO,SACHETS + GRANULES
1,1,82.5,55,-27.5,-27.5,2026-01-22,ACETYLCISTEINE 200GM 10SACHETS,SEDICO,SACHETS + GRANULES
1,1,82.5,55,-27.5,-27.5,2026-01-26,ACETYLCISTEINE 200GM 10SACHETS,SEDICO,SACHETS + GRANULES
1,1,82.5,55,-27.5,-27.5,2026-01-27,ACETYLCISTEINE 200GM 10SACHETS,SEDICO,SACHETS + GRANULES
1,1,82.5,55,-27.5,-27.5,2026-01-29,ACETYLCISTEINE 200GM 10SACHETS,SEDICO,SACHETS + GRANULES
1,1,82.5,55,-27.5,-27.5,2026-01-30,ACETYLCISTEINE 200GM 10SACHETS,SEDICO,SACHETS + GRANULES
1,1,82.5,55,-27.5,-27.5,2026-02-03,ACETYLCISTEINE 200GM 10SACHETS,SEDICO,SACHETS + GRANULES
1,1,82.5,55,-27.5,-27.5,2026-02-04,ACETYLCISTEINE 200GM 10SACHETS,SEDICO,SACHETS + GRANULES
1,1,82.5,55,-27.5,-27.5,2026-02-05,ACETYLCISTEINE 200GM 10SACHETS,SEDICO,SACHETS + GRANULES
1,1,82.5,55,-27.5,-27.5,2026-02-06,ACETYLCISTEINE 200GM 10SACHETS,SEDICO,SACHETS + GRANULES
1,1,82.5,55,-27.5,-27.5,2026-02-09,ACETYLCISTEINE 200GM 10SACHETS,SEDICO,SACHETS + GRANULES
1,1,82.5,55,-27.5,-27.5,2026-02-10,ACETYLCISTEINE 200GM 10SACHETS,SEDICO,SACHETS + GRANULES
1,1,82.5,55,-27.5,-27.5,2026-02-11,ACETYLCISTEINE 200GM 10SACHETS,SEDICO,SACHETS + GRANULES
1,1,82.5,55,-27.5,-27.5,2026-02-12,ACETYLCISTEINE 200GM 10SACHETS,SEDICO,SACHETS + GRANULES
1,1,82.5,55,-27.5,-27.5,2026-02-13,ACETYLCISTEINE 200GM 10SACHETS,SEDICO,SACHETS + GRANULES
1,1,82.5,55,-27.5,-27.5,2026-02-15,ACETYLCISTEINE 200GM 10SACHETS,SEDICO,SACHETS + GRANULES
1,1,82.5,55,-27.5,-27.5,2026-02-16,ACETYLCISTEINE 200GM 10SACHETS,SEDICO,SACHETS + GRANULES
1,1,82.5,55,-27.5,-27.5,2026-02-17,ACETYLCISTEINE 200GM 10SACHETS,SEDICO,SACHETS + GRANULES
1,1,82.5,55,-27.5,-27.5,2026-02-18,ACETYLCISTEINE 200GM 10SACHETS,SEDICO,SACHETS + GRANULES
1,1,82.5,55,-27.5,-27.5,2026-02-19,ACETYLCISTEINE 200GM 10SACHETS,SEDICO,SACHETS + GRANULES
1,1,82.5,55,-27.5,-27.5,2026-02-20,ACETYLCISTEINE 200GM 10SACHETS,SEDICO,SACHETS + GRANULES
1,1,82.5,55,-27.5,-27.5,2026-02-25,ACETYLCISTEINE 200GM 10SACHETS,SEDICO,SACHETS + GRANULES
1,1,82.5,55,-27.5,-27.5,2026-02-26,ACETYLCISTEINE 200GM 10SACHETS,SEDICO,SACHETS + GRANULES
1,1,82.5,55,-27.5,-27.5,2026-03-02,ACETYLCISTEINE 200GM 10SACHETS,SEDICO,SACHETS + GRANULES
1,1,82.5,55,-27.5,-27.5,2026-03-03,ACETYLCISTEINE 200GM 10SACHETS,SEDICO,SACHETS + GRANULES
1,1,82.5,55,-27.5,-27.5,2026-03-04,ACETYLCISTEINE 200GM 10SACHETS,SEDICO,SACHETS + GRANULES
1,1,82.5,55,-27.5,-27.5,2026-03-05,ACETYLCISTEINE 200GM 10SACHETS,SEDICO,SACHETS + GRANULES
1,1,82.5,55,-27.5,-27.5,2026-03-06,ACETYLCISTEINE 200GM 10SACHETS,SEDICO,SACHETS + GRANULES
1,1,82.5,55,-27.5,-27.5,2026-03-09,ACETYLCISTEINE 200GM 10SACHETS,SEDICO,SACHETS + GRANULES
1,1,82.5,55,-27.5,-27.5,2026-03-10,ACETYLCISTEINE 200GM 10SACHETS,SEDICO,SACHETS + GRANULES
1,1,82.5,55,-27.5,-27.5,2026-03-11,ACETYLCISTEINE 200GM 10SACHETS,SEDICO,SACHETS + GRANULES
1,1,82.5,55,-27.5,-27.5,2026-03-12,ACETYLCISTEINE 200GM 10SACHETS,SEDICO,SACHETS + GRANULES
1,1,82.5,55,-27.5,-27.5,2026-03-13,ACETYLCISTEINE 200GM 10SACHETS,SEDICO,SACHETS + GRANULES
1,1,82.5,55,-27.5,-27.5,2026-03-15,ACETYLCISTEINE 200GM 10SACHETS,SEDICO,SACHETS + GRANULES
1,1,82.5,55,-27.5,-27.5,2026-03-16,ACETYLCISTEINE 200GM 10SACHETS,SEDICO,SACHETS + GRANULES
1,1,82.5,55,-27.5,-27.5,2026-03-17,ACETYLCISTEINE 200GM 10SACHETS,SEDICO,SACHETS + GRANULES
1,1,82.5,55,-27.5,-27.5,2026-03-18,ACETYLCISTEINE 200GM 10SACHETS,SEDICO,SACHETS + GRANULES
1,1,82.5,55,-27.5,-27.5,2026-03-19,ACETYLCISTEINE 200GM 10SACHETS,SEDICO,SACHETS + GRANULES
1,1,82.5,55,-27.5,-27.5,2026-03-20,ACETYLCISTEINE 200GM 10SACHETS,SEDICO,SACHETS + GRANULES
1,1,82.5,55,-27.5,-27.5,2026-03-21,ACETYLCISTEINE 200GM 10SACHETS,SEDICO,SACHETS + GRANULES
2,1,128.0,80,-48.0,-48.0,2025-12-22,ACETYLCYSTEINE VITA C,Pharmaoverseas,SACHETS + GRANULES
2,2,128.0,80,-48.0,-96.0,2025-12-23,ACETYLCYSTEINE VITA C,Pharmaoverseas,SACHETS + GRANULES
2,1,128.0,80,-48.0,-48.0,2025-12-24,ACETYLCYSTEINE VITA C,Pharmaoverseas,SACHETS + GRANULES
2,2,128.0,80,-48.0,-96.0,2025-12-25,ACETYLCYSTEINE VITA C,Pharmaoverseas,SACHETS + GRANULES
2,1,128.0,80,-48.0,-48.0,2025-12-26,ACETYLCYSTEINE VITA C,Pharmaoverseas,SACHETS + GRANULES
2,1,128.0,80,-48.0,-48.0,2025-12-27,ACETYLCYSTEINE VITA C,Pharmaoverseas,SACHETS + GRANULES
2,1,128.0,80,-48.0,-48.0,2025-12-28,ACETYLCYSTEINE VITA C,Pharmaoverseas,SACHETS + GRANULES
2,2,128.0,80,-48.0,-96.0,2025-12-29,ACETYLCYSTEINE VITA C,Pharmaoverseas,SACHETS + GRANULES
2,1,128.0,80,-48.0,-48.0,2025-12-30,ACETYLCYSTEINE VITA C,Pharmaoverseas,SACHETS + GRANULES
2,1,128.0,80,-48.0,-48.0,2025-12-31,ACETYLCYSTEINE VITA C,Pharmaoverseas,SACHETS + GRANULES
2,2,128.0,80,-48.0,-96.0,2026-01-01,ACETYLCYSTEINE VITA C,Pharmaoverseas,SACHETS + GRANULES
2,2,128.0,80,-48.0,-96.0,2026-01-02,ACETYLCYSTEINE VITA C,Pharmaoverseas,SACHETS + GRANULES
2,1,128.0,80,-48.0,-48.0,2026-01-03,ACETYLCYSTEINE VITA C,Pharmaoverseas,SACHETS + GRANULES
2,1,128.0,80,-48.0,-48.0,2026-01-04,ACETYLCYSTEINE VITA C,Pharmaoverseas,SACHETS + GRANULES
2,2,128.0,80,-48.0,-96.0,2026-01-05,ACETYLCYSTEINE VITA C,Pharmaoverseas,SACHETS + GRANULES
2,2,128.0,80,-48.0,-96.0,2026-01-06,ACETYLCYSTEINE VITA C,Pharmaoverseas,SACHETS + GRANULES
2,1,128.0,80,-48.0,-48.0,2026-01-07,ACETYLCYSTEINE VITA C,Pharmaoverseas,SACHETS + GRANULES
2,1,128.0,80,-48.0,-48.0,2026-01-08,ACETYLCYSTEINE VITA C,Pharmaoverseas,SACHETS + GRANULES
2,2,128.0,80,-48.0,-96.0,2026-01-09,ACETYLCYSTEINE VITA C,Pharmaoverseas,SACHETS + GRANULES
2,1,128.0,80,-48.0,-48.0,2026-01-10,ACETYLCYSTEINE VITA C,Pharmaoverseas,SACHETS + GRANULES
2,1,128.0,80,-48.0,-48.0,2026-01-11,ACETYLCYSTEINE VITA C,Pharmaoverseas,SACHETS + GRANULES
2,2,128.0,80,-48.0,-96.0,2026-01-12,ACETYLCYSTEINE VITA C,Pharmaoverseas,SACHETS + GRANULES
2,1,128.0,80,-48.0,-48.0,2026-01-13,ACETYLCYSTEINE VITA C,Pharmaoverseas,SACHETS + GRANULES
2,2,128.0,80,-48.0,-96.0,2026-01-14,ACETYLCYSTEINE VITA C,Pharmaoverseas,SACHETS + GRANULES
2,2,128.0,80,-48.0,-96.0,2026-01-16,ACETYLCYSTEINE VITA C,Pharmaoverseas,SACHETS + GRANULES
2,1,128.0,80,-48.0,-48.0,2026-01-17,ACETYLCYSTEINE VITA C,Pharmaoverseas,SACHETS + GRANULES
2,1,128.0,80,-48.0,-48.0,2026-01-18,ACETYLCYSTEINE VITA C,Pharmaoverseas,SACHETS + GRANULES
2,2,128.0,80,-48.0,-96.0,2026-01-19,ACETYLCYSTEINE VITA C,Pharmaoverseas,SACHETS + GRANULES
2,1,128.0,80,-48.0,-48.0,2026-01-20,ACETYLCYSTEINE VITA C,Pharmaoverseas,SACHETS + GRANULES
2,2,128.0,80,-48.0,-96.0,2026-01-21,ACETYLCYSTEINE VITA C,Pharmaoverseas,SACHETS + GRANULES
2,2,128.0,80,-48.0,-96.0,2026-01-22,ACETYLCYSTEINE VITA C,Pharmaoverseas,SACHETS + GRANULES
2,1,128.0,80,-48.0,-48.0,2026-01-23,ACETYLCYSTEINE VITA C,Pharmaoverseas,SACHETS + GRANULES
2,1,128.0,80,-48.0,-48.0,2026-01-24,ACETYLCYSTEINE VITA C,Pharmaoverseas,SACHETS + GRANULES
2,1,128.0,80,-48.0,-48.0,2026-01-25,ACETYLCYSTEINE VITA C,Pharmaoverseas,SACHETS + GRANULES
2,2,128.0,80,-48.0,-96.0,2026-01-26,ACETYLCYSTEINE VITA C,Pharmaoverseas,SACHETS + GRANULES
2,2,128.0,80,-48.0,-96.0,2026-01-27,ACETYLCYSTEINE VITA C,Pharmaoverseas,SACHETS + GRANULES
2,2,128.0,80,-48.0,-96.0,2026-01-28,ACETYLCYSTEINE VITA C,Pharmaoverseas,SACHETS + GRANULES
2,1,128.0,80,-48.0,-48.0,2026-01-29,ACETYLCYSTEINE VITA C,Pharmaoverseas,SACHETS + GRANULES
2,1,128.0,80,-48.0,-48.0,2026-01-30,ACETYLCYSTEINE VITA C,Pharmaoverseas,SACHETS + GRANULES
2,1,128.0,80,-48.0,-48.0,2026-01-31,ACETYLCYSTEINE VITA C,Pharmaoverseas,SACHETS + GRANULES
2,1,128.0,80,-48.0,-48.0,2026-02-01,ACETYLCYSTEINE VITA C,Pharmaoverseas,SACHETS + GRANULES
2,2,128.0,80,-48.0,-96.0,2026-02-02,ACETYLCYSTEINE VITA C,Pharmaoverseas,SACHETS + GRANULES
2,2,128.0,80,-48.0,-96.0,2026-02-03,ACETYLCYSTEINE VITA C,Pharmaoverseas,SACHETS + GRANULES
2,2,128.0,80,-48.0,-96.0,2026-02-04,ACETYLCYSTEINE VITA C,Pharmaoverseas,SACHETS + GRANULES
2,2,128.0,80,-48.0,-96.0,2026-02-05,ACETYLCYSTEINE VITA C,Pharmaoverseas,SACHETS + GRANULES
2,3,128.0,80,-48.0,-144.0,2026-02-06,ACETYLCYSTEINE VITA C,Pharmaoverseas,SACHETS + GRANULES
2,2,128.0,80,-48.0,-96.0,2026-02-07,ACETYLCYSTEINE VITA C,Pharmaoverseas,SACHETS + GRANULES
2,1,128.0,80,-48.0,-48.0,2026-02-08,ACETYLCYSTEINE VITA C,Pharmaoverseas,SACHETS + GRANULES
2,1,128.0,80,-48.0,-48.0,2026-02-09,ACETYLCYSTEINE VITA C,Pharmaoverseas,SACHETS + GRANULES
2,2,128.0,80,-48.0,-96.0,2026-02-10,ACETYLCYSTEINE VITA C,Pharmaoverseas,SACHETS + GRANULES
2,2,128.0,80,-48.0,-96.0,2026-02-11,ACETYLCYSTEINE VITA C,Pharmaoverseas,SACHETS + GRANULES
2,2,128.0,80,-48.0,-96.0,2026-02-12,ACETYLCYSTEINE VITA C,Pharmaoverseas,SACHETS + GRANULES
2,2,128.0,80,-48.0,-96.0,2026-02-13,ACETYLCYSTEINE VITA C,Pharmaoverseas,SACHETS + GRANULES
2,1,128.0,80,-48.0,-48.0,2026-02-14,ACETYLCYSTEINE VITA C,Pharmaoverseas,SACHETS + GRANULES
2,2,128.0,80,-48.0,-96.0,2026-02-16,ACETYLCYSTEINE VITA C,Pharmaoverseas,SACHETS + GRANULES
2,2,128.0,80,-48.0,-96.0,2026-02-17,ACETYLCYSTEINE VITA C,Pharmaoverseas,SACHETS + GRANULES
2,2,128.0,80,-48.0,-96.0,2026-02-18,ACETYLCYSTEINE VITA C,Pharmaoverseas,SACHETS + GRANULES
2,2,128.0,80,-48.0,-96.0,2026-02-19,ACETYLCYSTEINE VITA C,Pharmaoverseas,SACHETS + GRANULES
2,2,128.0,80,-48.0,-96.0,2026-02-20,ACETYLCYSTEINE VITA C,Pharmaoverseas,SACHETS + GRANULES
2,1,128.0,80,-48.0,-48.0,2026-02-22,ACETYLCYSTEINE VITA C,Pharmaoverseas,SACHETS + GRANULES
2,2,128.0,80,-48.0,-96.0,2026-02-23,ACETYLCYSTEINE VITA C,Pharmaoverseas,SACHETS + GRANULES
2,2,128.0,80,-48.0,-96.0,2026-02-24,ACETYLCYSTEINE VITA C,Pharmaoverseas,SACHETS + GRANULES
2,1,128.0,80,-48.0,-48.0,2026-02-25,ACETYLCYSTEINE VITA C,Pharmaoverseas,SACHETS + GRANULES
2,2,128.0,80,-48.0,-96.0,2026-02-26,ACETYLCYSTEINE VITA C,Pharmaoverseas,SACHETS + GRANULES
2,1,128.0,80,-48.0,-48.0,2026-02-27,ACETYLCYSTEINE VITA C,Pharmaoverseas,SACHETS + GRANULES
2,1,128.0,80,-48.0,-48.0,2026-02-28,ACETYLCYSTEINE VITA C,Pharmaoverseas,SACHETS + GRANULES
2,1,128.0,80,-48.0,-48.0,2026-03-01,ACETYLCYSTEINE VITA C,Pharmaoverseas,SACHETS + GRANULES
2,2,128.0,80,-48.0,-96.0,2026-03-02,ACETYLCYSTEINE VITA C,Pharmaoverseas,SACHETS + GRANULES
2,2,128.0,80,-48.0,-96.0,2026-03-03,ACETYLCYSTEINE VITA C,Pharmaoverseas,SACHETS + GRANULES
2,2,128.0,80,-48.0,-96.0,2026-03-04,ACETYLCYSTEINE VITA C,Pharmaoverseas,SACHETS + GRANULES
2,2,128.0,80,-48.0,-96.0,2026-03-05,ACETYLCYSTEINE VITA C,Pharmaoverseas,SACHETS + GRANULES
2,1,128.0,80,-48.0,-48.0,2026-03-07,ACETYLCYSTEINE VITA C,Pharmaoverseas,SACHETS + GRANULES
2,1,128.0,80,-48.0,-48.0,2026-03-08,ACETYLCYSTEINE VITA C,Pharmaoverseas,SACHETS + GRANULES
2,2,128.0,80,-48.0,-96.0,2026-03-09,ACETYLCYSTEINE VITA C,Pharmaoverseas,SACHETS + GRANULES
2,1,128.0,80,-48.0,-48.0,2026-03-10,ACETYLCYSTEINE VITA C,Pharmaoverseas,SACHETS + GRANULES
2,1,128.0,80,-48.0,-48.0,2026-03-11,ACETYLCYSTEINE VITA C,Pharmaoverseas,SACHETS + GRANULES
2,2,128.0,80,-48.0,-96.0,2026-03-12,ACETYLCYSTEINE VITA C,Pharmaoverseas,SACHETS + GRANULES
2,3,128.0,80,-48.0,-144.0,2026-03-13,ACETYLCYSTEINE VITA C,Pharmaoverseas,SACHETS + GRANULES
2,1,128.0,80,-48.0,-48.0,2026-03-14,ACETYLCYSTEINE VITA C,Pharmaoverseas,SACHETS + GRANULES
2,1,128.0,80,-48.0,-48.0,2026-03-15,ACETYLCYSTEINE VITA C,Pharmaoverseas,SACHETS + GRANULES
2,2,128.0,80,-48.0,-96.0,2026-03-16,ACETYLCYSTEINE VITA C,Pharmaoverseas,SACHETS + GRANULES
2,2,128.0,80,-48.0,-96.0,2026-03-17,ACETYLCYSTEINE VITA C,Pharmaoverseas,SACHETS + GRANULES
2,2,128.0,80,-48.0,-96.0,2026-03-18,ACETYLCYSTEINE VITA C,Pharmaoverseas,SACHETS + GRANULES
2,1,128.0,80,-48.0,-48.0,2026-03-19,ACETYLCYSTEINE VITA C,Pharmaoverseas,SACHETS + GRANULES
2,2,128.0,80,-48.0,-96.0,2026-03-20,ACETYLCYSTEINE VITA C,Pharmaoverseas,SACHETS + GRANULES
2,2,128.0,80,-48.0,-96.0,2026-03-21,ACETYLCYSTEINE VITA C,Pharmaoverseas,SACHETS + GRANULES
3,2,76.72,34,-42.72,-85.44,2025-12-22,ACHTENON 2MG 20TAB,Pharmaoverseas,TABLETS + CAPSULES
3,3,76.72,34,-42.72,-128.16,2025-12-23,ACHTENON 2MG 20TAB,Pharmaoverseas,TABLETS + CAPSULES
3,3,76.72,34,-42.72,-128.16,2025-12-24,ACHTENON 2MG 20TAB,Pharmaoverseas,TABLETS + CAPSULES
3,2,76.72,34,-42.72,-85.44,2025-12-25,ACHTENON 2MG 20TAB,Pharmaoverseas,TABLETS + CAPSULES
3,4,76.72,34,-42.72,-170.88,2025-12-26,ACHTENON 2MG 20TAB,Pharmaoverseas,TABLETS + CAPSULES
3,1,76.72,34,-42.72,-42.72,2025-12-27,ACHTENON 2MG 20TAB,Pharmaoverseas,TABLETS + CAPSULES
3,2,76.72,34,-42.72,-85.44,2025-12-28,ACHTENON 2MG 20TAB,Pharmaoverseas,TABLETS + CAPSULES
3,3,76.72,34,-42.72,-128.16,2025-12-29,ACHTENON 2MG 20TAB,Pharmaoverseas,TABLETS + CAPSULES
3,1,76.72,34,-42.72,-42.72,2025-12-30,ACHTENON 2MG 20TAB,Pharmaoverseas,TABLETS + CAPSULES
3,3,76.72,34,-42.72,-128.16,2025-12-31,ACHTENON 2MG 20TAB,Pharmaoverseas,TABLETS + CAPSULES
3,2,76.72,34,-42.72,-85.44,2026-01-01,ACHTENON 2MG 20TAB,Pharmaoverseas,TABLETS + CAPSULES
3,3,76.72,34,-42.72,-128.16,2026-01-02,ACHTENON 2MG 20TAB,Pharmaoverseas,TABLETS + CAPSULES
3,2,76.72,34,-42.72,-85.44,2026-01-03,ACHTENON 2MG 20TAB,Pharmaoverseas,TABLETS + CAPSULES
3,2,76.72,34,-42.72,-85.44,2026-01-04,ACHTENON 2MG 20TAB,Pharmaoverseas,TABLETS + CAPSULES
3,1,76.72,34,-42.72,-42.72,2026-01-05,ACHTENON 2MG 20TAB,Pharmaoverseas,TABLETS + CAPSULES
3,2,76.72,34,-42.72,-85.44,2026-01-06,ACHTENON 2MG 20TAB,Pharmaoverseas,TABLETS + CAPSULES
3,4,76.72,34,-42.72,-170.88,2026-01-07,ACHTENON 2MG 20TAB,Pharmaoverseas,TABLETS + CAPSULES
3,4,76.72,34,-42.72,-170.88,2026-01-08,ACHTENON 2MG 20TAB,Pharmaoverseas,TABLETS + CAPSULES
3,2,76.72,34,-42.72,-85.44,2026-01-09,ACHTENON 2MG 20TAB,Pharmaoverseas,TABLETS + CAPSULES
3,1,76.72,34,-42.72,-42.72,2026-01-10,ACHTENON 2MG 20TAB,Pharmaoverseas,TABLETS + CAPSULES
3,3,76.72,34,-42.72,-128.16,2026-01-11,ACHTENON 2MG 20TAB,Pharmaoverseas,TABLETS + CAPSULES
3,2,76.72,34,-42.72,-85.44,2026-01-12,ACHTENON 2MG 20TAB,Pharmaoverseas,TABLETS + CAPSULES
3,3,76.72,34,-42.72,-128.16,2026-01-13,ACHTENON 2MG 20TAB,Pharmaoverseas,TABLETS + CAPSULES
3,4,76.72,34,-42.72,-170.88,2026-01-14,ACHTENON 2MG 20TAB,Pharmaoverseas,TABLETS + CAPSULES
3,3,76.72,34,-42.72,-128.16,2026-01-15,ACHTENON 2MG 20TAB,Pharmaoverseas,TABLETS + CAPSULES
3,3,76.72,34,-42.72,-128.16,2026-01-16,ACHTENON 2MG 20TAB,Pharmaoverseas,TABLETS + CAPSULES
3,2,76.72,34,-42.72,-85.44,2026-01-17,ACHTENON 2MG 20TAB,Pharmaoverseas,TABLETS + CAPSULES
3,2,76.72,34,-42.72,-85.44,2026-01-18,ACHTENON 2MG 20TAB,Pharmaoverseas,TABLETS + CAPSULES
3,4,76.72,34,-42.72,-170.88,2026-01-19,ACHTENON 2MG 20TAB,Pharmaoverseas,TABLETS + CAPSULES
3,4,76.72,34,-42.72,-170.88,2026-01-20,ACHTENON 2MG 20TAB,Pharmaoverseas,TABLETS + CAPSULES
3,4,76.72,34,-42.72,-170.88,2026-01-21,ACHTENON 2MG 20TAB,Pharmaoverseas,TABLETS + CAPSULES
3,4,76.72,34,-42.72,-170.88,2026-01-22,ACHTENON 2MG 20TAB,Pharmaoverseas,TABLETS + CAPSULES
3,5,76.72,34,-42.72,-213.6,2026-01-23,ACHTENON 2MG 20TAB,Pharmaoverseas,TABLETS + CAPSULES
3,2,76.72,34,-42.72,-85.44,2026-01-24,ACHTENON 2MG 20TAB,Pharmaoverseas,TABLETS + CAPSULES
3,3,76.72,34,-42.72,-128.16,2026-01-25,ACHTENON 2MG 20TAB,Pharmaoverseas,TABLETS + CAPSULES
3,2,76.72,34,-42.72,-85.44,2026-01-26,ACHTENON 2MG 20TAB,Pharmaoverseas,TABLETS + CAPSULES
3,4,76.72,34,-42.72,-170.88,2026-01-27,ACHTENON 2MG 20TAB,Pharmaoverseas,TABLETS + CAPSULES
3,3,76.72,34,-42.72,-128.16,2026-01-28,ACHTENON 2MG 20TAB,Pharmaoverseas,TABLETS + CAPSULES
3,2,76.72,34,-42.72,-85.44,2026-01-29,ACHTENON 2MG 20TAB,Pharmaoverseas,TABLETS + CAPSULES
3,3,76.72,34,-42.72,-128.16,2026-01-30,ACHTENON 2MG 20TAB,Pharmaoverseas,TABLETS + CAPSULES
3,2,76.72,34,-42.72,-85.44,2026-01-31,ACHTENON 2MG 20TAB,Pharmaoverseas,TABLETS + CAPSULES
3,3,76.72,34,-42.72,-128.16,2026-02-01,ACHTENON 2MG 20TAB,Pharmaoverseas,TABLETS + CAPSULES
3,3,76.72,34,-42.72,-128.16,2026-02-02,ACHTENON 2MG 20TAB,Pharmaoverseas,TABLETS + CAPSULES
3,2,76.72,34,-42.72,-85.44,2026-02-03,ACHTENON 2MG 20TAB,Pharmaoverseas,TABLETS + CAPSULES
3,6,76.72,34,-42.72,-256.32,2026-02-04,ACHTENON 2MG 20TAB,Pharmaoverseas,TABLETS + CAPSULES
3,2,76.72,34,-42.72,-85.44,2026-02-05,ACHTENON 2MG 20TAB,Pharmaoverseas,TABLETS + CAPSULES
3,2,76.72,34,-42.72,-85.44,2026-02-06,ACHTENON 2MG 20TAB,Pharmaoverseas,TABLETS + CAPSULES
3,2,76.72,34,-42.72,-85.44,2026-02-07,ACHTENON 2MG 20TAB,Pharmaoverseas,TABLETS + CAPSULES
3,3,76.72,34,-42.72,-128.16,2026-02-08,ACHTENON 2MG 20TAB,Pharmaoverseas,TABLETS + CAPSULES
3,4,76.72,34,-42.72,-170.88,2026-02-09,ACHTENON 2MG 20TAB,Pharmaoverseas,TABLETS + CAPSULES
3,3,76.72,34,-42.72,-128.16,2026-02-10,ACHTENON 2MG 20TAB,Pharmaoverseas,TABLETS + CAPSULES
3,4,76.72,34,-42.72,-170.88,2026-02-11,ACHTENON 2MG 20TAB,Pharmaoverseas,TABLETS + CAPSULES
3,4,76.72,34,-42.72,-170.88,2026-02-12,ACHTENON 2MG 20TAB,Pharmaoverseas,TABLETS + CAPSULES
3,2,76.72,34,-42.72,-85.44,2026-02-13,ACHTENON 2MG 20TAB,Pharmaoverseas,TABLETS + CAPSULES
3,2,76.72,34,-42.72,-85.44,2026-02-14,ACHTENON 2MG 20TAB,Pharmaoverseas,TABLETS + CAPSULES
3,1,76.72,34,-42.72,-42.72,2026-02-15,ACHTENON 2MG 20TAB,Pharmaoverseas,TABLETS + CAPSULES
3,4,76.72,34,-42.72,-170.88,2026-02-16,ACHTENON 2MG 20TAB,Pharmaoverseas,TABLETS + CAPSULES
3,4,76.72,34,-42.72,-170.88,2026-02-17,ACHTENON 2MG 20TAB,Pharmaoverseas,TABLETS + CAPSULES
3,4,76.72,34,-42.72,-170.88,2026-02-18,ACHTENON 2MG 20TAB,Pharmaoverseas,TABLETS + CAPSULES
3,3,76.72,34,-42.72,-128.16,2026-02-19,ACHTENON 2MG 20TAB,Pharmaoverseas,TABLETS + CAPSULES
3,4,76.72,34,-42.72,-170.88,2026-02-20,ACHTENON 2MG 20TAB,Pharmaoverseas,TABLETS + CAPSULES
3,3,76.72,34,-42.72,-128.16,2026-02-21,ACHTENON 2MG 20TAB,Pharmaoverseas,TABLETS + CAPSULES
3,2,76.72,34,-42.72,-85.44,2026-02-22,ACHTENON 2MG 20TAB,Pharmaoverseas,TABLETS + CAPSULES
3,4,76.72,34,-42.72,-170.88,2026-02-23,ACHTENON 2MG 20TAB,Pharmaoverseas,TABLETS + CAPSULES
3,1,76.72,34,-42.72,-42.72,2026-02-24,ACHTENON 2MG 20TAB,Pharmaoverseas,TABLETS + CAPSULES
3,2,76.72,34,-42.72,-85.44,2026-02-25,ACHTENON 2MG 20TAB,Pharmaoverseas,TABLETS + CAPSULES
3,4,76.72,34,-42.72,-170.88,2026-02-26,ACHTENON 2MG 20TAB,Pharmaoverseas,TABLETS + CAPSULES
3,3,76.72,34,-42.72,-128.16,2026-02-27,ACHTENON 2MG 20TAB,Pharmaoverseas,TABLETS + CAPSULES
3,1,76.72,34,-42.72,-42.72,2026-02-28,ACHTENON 2MG 20TAB,Pharmaoverseas,TABLETS + CAPSULES
3,1,76.72,34,-42.72,-42.72,2026-03-01,ACHTENON 2MG 20TAB,Pharmaoverseas,TABLETS + CAPSULES
3,5,76.72,34,-42.72,-213.6,2026-03-02,ACHTENON 2MG 20TAB,Pharmaoverseas,TABLETS + CAPSULES
3,4,76.72,34,-42.72,-170.88,2026-03-03,ACHTENON 2MG 20TAB,Pharmaoverseas,TABLETS + CAPSULES
3,3,76.72,34,-42.72,-128.16,2026-03-04,ACHTENON 2MG 20TAB,Pharmaoverseas,TABLETS + CAPSULES
3,3,76.72,34,-42.72,-128.16,2026-03-05,ACHTENON 2MG 20TAB,Pharmaoverseas,TABLETS + CAPSULES
3,3,76.72,34,-42.72,-128.16,2026-03-06,ACHTENON 2MG 20TAB,Pharmaoverseas,TABLETS + CAPSULES
3,3,76.72,34,-42.72,-128.16,2026-03-07,ACHTENON 2MG 20TAB,Pharmaoverseas,TABLETS + CAPSULES
3,2,76.72,34,-42.72,-85.44,2026-03-08,ACHTENON 2MG 20TAB,Pharmaoverseas,TABLETS + CAPSULES
3,4,76.72,34,-42.72,-170.88,2026-03-09,ACHTENON 2MG 20TAB,Pharmaoverseas,TABLETS + CAPSULES
3,6,76.72,34,-42.72,-256.32,2026-03-10,ACHTENON 2MG 20TAB,Pharmaoverseas,TABLETS + CAPSULES
3,5,76.72,34,-42.72,-213.6,2026-03-11,ACHTENON 2MG 20TAB,Pharmaoverseas,TABLETS + CAPSULES
3,2,76.72,34,-42.72,-85.44,2026-03-12,ACHTENON 2MG 20TAB,Pharmaoverseas,TABLETS + CAPSULES
3,4,76.72,34,-42.72,-170.88,2026-03-13,ACHTENON 2MG 20TAB,Pharmaoverseas,TABLETS + CAPSULES
3,1,76.72,34,-42.72,-42.72,2026-03-14,ACHTENON 2MG 20TAB,Pharmaoverseas,TABLETS + CAPSULES
3,2,76.72,34,-42.72,-85.44,2026-03-15,ACHTENON 2MG 20TAB,Pharmaoverseas,TABLETS + CAPSULES
3,5,76.72,34,-42.72,-213.6,2026-03-16,ACHTENON 2MG 20TAB,Pharmaoverseas,TABLETS + CAPSULES
3,2,76.72,34,-42.72,-85.44,2026-03-17,ACHTENON 2MG 20TAB,Pharmaoverseas,TABLETS + CAPSULES
3,4,76.72,34,-42.72,-170.88,2026-03-18,ACHTENON 2MG 20TAB,Pharmaoverseas,TABLETS + CAPSULES
3,3,76.72,34,-42.72,-128.16,2026-03-19,ACHTENON 2MG 20TAB,Pharmaoverseas,TABLETS + CAPSULES
3,3,76.72,34,-42.72,-128.16,2026-03-20,ACHTENON 2MG 20TAB,Pharmaoverseas,TABLETS + CAPSULES
3,3,76.72,34,-42.72,-128.16,2026-03-21,ACHTENON 2MG 20TAB,Pharmaoverseas,TABLETS + CAPSULES
4,1,51.0,68,17.0,17.0,2025-12-22,ACNE-STOP 30GM CREAM,Mash Pharma,Oint-Cream-Gel
4,1,51.0,68,17.0,17.0,2025-12-23,ACNE-STOP 30GM CREAM,Mash Pharma,Oint-Cream-Gel
4,1,51.0,68,17.0,17.0,2025-12-24,ACNE-STOP 30GM CREAM,Mash Pharma,Oint-Cream-Gel
4,1,51.0,68,17.0,17.0,2025-12-26,ACNE-STOP 30GM CREAM,Mash Pharma,Oint-Cream-Gel
4,1,51.0,68,17.0,17.0,2025-12-31,ACNE-STOP 30GM CREAM,Mash Pharma,Oint-Cream-Gel
4,1,51.0,68,17.0,17.0,2026-01-01,ACNE-STOP 30GM CREAM,Mash Pharma,Oint-Cream-Gel
4,1,51.0,68,17.0,17.0,2026-01-02,ACNE-STOP 30GM CREAM,Mash Pharma,Oint-Cream-Gel
4,1,51.0,68,17.0,17.0,2026-01-05,ACNE-STOP 30GM CREAM,Mash Pharma,Oint-Cream-Gel
4,1,51.0,68,17.0,17.0,2026-01-06,ACNE-STOP 30GM CREAM,Mash Pharma,Oint-Cream-Gel
4,1,51.0,68,17.0,17.0,2026-01-07,ACNE-STOP 30GM CREAM,Mash Pharma,Oint-Cream-Gel
4,1,51.0,68,17.0,17.0,2026-01-08,ACNE-STOP 30GM CREAM,Mash Pharma,Oint-Cream-Gel
4,1,51.0,68,17.0,17.0,2026-01-09,ACNE-STOP 30GM CREAM,Mash Pharma,Oint-Cream-Gel
4,1,51.0,68,17.0,17.0,2026-01-12,ACNE-STOP 30GM CREAM,Mash Pharma,Oint-Cream-Gel
4,1,51.0,68,17.0,17.0,2026-01-16,ACNE-STOP 30GM CREAM,Mash Pharma,Oint-Cream-Gel
4,1,51.0,68,17.0,17.0,2026-01-19,ACNE-STOP 30GM CREAM,Mash Pharma,Oint-Cream-Gel
4,1,51.0,68,17.0,17.0,2026-01-21,ACNE-STOP 30GM CREAM,Mash Pharma,Oint-Cream-Gel
4,1,51.0,68,17.0,17.0,2026-01-22,ACNE-STOP 30GM CREAM,Mash Pharma,Oint-Cream-Gel
4,1,51.0,68,17.0,17.0,2026-01-23,ACNE-STOP 30GM CREAM,Mash Pharma,Oint-Cream-Gel
4,1,51.0,68,17.0,17.0,2026-01-27,ACNE-STOP 30GM CREAM,Mash Pharma,Oint-Cream-Gel
4,1,51.0,68,17.0,17.0,2026-02-02,ACNE-STOP 30GM CREAM,Mash Pharma,Oint-Cream-Gel
4,1,51.0,68,17.0,17.0,2026-02-03,ACNE-STOP 30GM CREAM,Mash Pharma,Oint-Cream-Gel
4,1,51.0,68,17.0,17.0,2026-02-04,ACNE-STOP 30GM CREAM,Mash Pharma,Oint-Cream-Gel
4,1,51.0,68,17.0,17.0,2026-02-06,ACNE-STOP 30GM CREAM,Mash Pharma,Oint-Cream-Gel
4,1,51.0,68,17.0,17.0,2026-02-07,ACNE-STOP 30GM CREAM,Mash Pharma,Oint-Cream-Gel
4,1,51.0,68,17.0,17.0,2026-02-10,ACNE-STOP 30GM CREAM,Mash Pharma,Oint-Cream-Gel
4,1,51.0,68,17.0,17.0,2026-02-11,ACNE-STOP 30GM CREAM,Mash Pharma,Oint-Cream-Gel
4,1,51.0,68,17.0,17.0,2026-02-12,ACNE-STOP 30GM CREAM,Mash Pharma,Oint-Cream-Gel
4,1,51.0,68,17.0,17.0,2026-02-13,ACNE-STOP 30GM CREAM,Mash Pharma,Oint-Cream-Gel
4,1,51.0,68,17.0,17.0,2026-02-16,ACNE-STOP 30GM CREAM,Mash Pharma,Oint-Cream-Gel
4,1,51.0,68,17.0,17.0,2026-02-17,ACNE-STOP 30GM CREAM,Mash Pharma,Oint-Cream-Gel
4,1,51.0,68,17.0,17.0,2026-02-19,ACNE-STOP 30GM CREAM,Mash Pharma,Oint-Cream-Gel
4,1,51.0,68,17.0,17.0,2026-02-20,ACNE-STOP 30GM CREAM,Mash Pharma,Oint-Cream-Gel
4,1,51.0,68,17.0,17.0,2026-02-22,ACNE-STOP 30GM CREAM,Mash Pharma,Oint-Cream-Gel
4,1,51.0,68,17.0,17.0,2026-02-23,ACNE-STOP 30GM CREAM,Mash Pharma,Oint-Cream-Gel
4,1,51.0,68,17.0,17.0,2026-02-25,ACNE-STOP 30GM CREAM,Mash Pharma,Oint-Cream-Gel
4,1,51.0,68,17.0,17.0,2026-02-27,ACNE-STOP 30GM CREAM,Mash Pharma,Oint-Cream-Gel
4,1,51.0,68,17.0,17.0,2026-02-28,ACNE-STOP 30GM CREAM,Mash Pharma,Oint-Cream-Gel
4,1,51.0,68,17.0,17.0,2026-03-02,ACNE-STOP 30GM CREAM,Mash Pharma,Oint-Cream-Gel
4,1,51.0,68,17.0,17.0,2026-03-03,ACNE-STOP 30GM CREAM,Mash Pharma,Oint-Cream-Gel
4,1,51.0,68,17.0,17.0,2026-03-04,ACNE-STOP 30GM CREAM,Mash Pharma,Oint-Cream-Gel
4,1,51.0,68,17.0,17.0,2026-03-05,ACNE-STOP 30GM CREAM,Mash Pharma,Oint-Cream-Gel
4,1,51.0,68,17.0,17.0,2026-03-06,ACNE-STOP 30GM CREAM,Mash Pharma,Oint-Cream-Gel
4,1,51.0,68,17.0,17.0,2026-03-08,ACNE-STOP 30GM CREAM,Mash Pharma,Oint-Cream-Gel
4,1,51.0,68,17.0,17.0,2026-03-09,ACNE-STOP 30GM CREAM,Mash Pharma,Oint-Cream-Gel
4,1,51.0,68,17.0,17.0,2026-03-10,ACNE-STOP 30GM CREAM,Mash Pharma,Oint-Cream-Gel
4,1,51.0,68,17.0,17.0,2026-03-12,ACNE-STOP 30GM CREAM,Mash Pharma,Oint-Cream-Gel
4,1,51.0,68,17.0,17.0,2026-03-13,ACNE-STOP 30GM CREAM,Mash Pharma,Oint-Cream-Gel
4,1,51.0,68,17.0,17.0,2026-03-17,ACNE-STOP 30GM CREAM,Mash Pharma,Oint-Cream-Gel
4,1,51.0,68,17.0,17.0,2026-03-18,ACNE-STOP 30GM CREAM,Mash Pharma,Oint-Cream-Gel
4,1,51.0,68,17.0,17.0,2026-03-19,ACNE-STOP 30GM CREAM,Mash Pharma,Oint-Cream-Gel
4,1,51.0,68,17.0,17.0,2026-03-20,ACNE-STOP 30GM CREAM,Mash Pharma,Oint-Cream-Gel
5,1,31.2,39,7.8,7.8,2025-12-22,ACNIACT 15GM GEL,Pharmaoverseas,Oint-Cream-Gel
5,1,31.2,39,7.8,7.8,2025-12-23,ACNIACT 15GM GEL,Pharmaoverseas,Oint-Cream-Gel
5,1,31.2,39,7.8,7.8,2025-12-24,ACNIACT 15GM GEL,Pharmaoverseas,Oint-Cream-Gel
5,1,31.2,39,7.8,7.8,2025-12-25,ACNIACT 15GM GEL,Pharmaoverseas,Oint-Cream-Gel
5,1,31.2,39,7.8,7.8,2025-12-26,ACNIACT 15GM GEL,Pharmaoverseas,Oint-Cream-Gel
5,1,31.2,39,7.8,7.8,2025-12-28,ACNIACT 15GM GEL,Pharmaoverseas,Oint-Cream-Gel
5,1,31.2,39,7.8,7.8,2025-12-29,ACNIACT 15GM GEL,Pharmaoverseas,Oint-Cream-Gel
5,1,31.2,39,7.8,7.8,2025-12-30,ACNIACT 15GM GEL,Pharmaoverseas,Oint-Cream-Gel
5,1,31.2,39,7.8,7.8,2026-01-01,ACNIACT 15GM GEL,Pharmaoverseas,Oint-Cream-Gel
5,1,31.2,39,7.8,7.8,2026-01-02,ACNIACT 15GM GEL,Pharmaoverseas,Oint-Cream-Gel
5,1,31.2,39,7.8,7.8,2026-01-03,ACNIACT 15GM GEL,Pharmaoverseas,Oint-Cream-Gel
5,1,31.2,39,7.8,7.8,2026-01-05,ACNIACT 15GM GEL,Pharmaoverseas,Oint-Cream-Gel
5,1,31.2,39,7.8,7.8,2026-01-06,ACNIACT 15GM GEL,Pharmaoverseas,Oint-Cream-Gel
5,1,31.2,39,7.8,7.8,2026-01-07,ACNIACT 15GM GEL,Pharmaoverseas,Oint-Cream-Gel
5,1,31.2,39,7.8,7.8,2026-01-09,ACNIACT 15GM GEL,Pharmaoverseas,Oint-Cream-Gel
5,1,31.2,39,7.8,7.8,2026-01-11,ACNIACT 15GM GEL,Pharmaoverseas,Oint-Cream-Gel
5,1,31.2,39,7.8,7.8,2026-01-12,ACNIACT 15GM GEL,Pharmaoverseas,Oint-Cream-Gel
5,1,31.2,39,7.8,7.8,2026-01-13,ACNIACT 15GM GEL,Pharmaoverseas,Oint-Cream-Gel
5,1,31.2,39,7.8,7.8,2026-01-14,ACNIACT 15GM GEL,Pharmaoverseas,Oint-Cream-Gel
5,1,31.2,39,7.8,7.8,2026-01-16,ACNIACT 15GM GEL,Pharmaoverseas,Oint-Cream-Gel
5,1,31.2,39,7.8,7.8,2026-01-21,ACNIACT 15GM GEL,Pharmaoverseas,Oint-Cream-Gel
5,1,31.2,39,7.8,7.8,2026-01-22,ACNIACT 15GM GEL,Pharmaoverseas,Oint-Cream-Gel
5,1,31.2,39,7.8,7.8,2026-01-23,ACNIACT 15GM GEL,Pharmaoverseas,Oint-Cream-Gel
5,1,31.2,39,7.8,7.8,2026-01-26,ACNIACT 15GM GEL,Pharmaoverseas,Oint-Cream-Gel
5,1,31.2,39,7.8,7.8,2026-01-27,ACNIACT 15GM GEL,Pharmaoverseas,Oint-Cream-Gel
5,1,31.2,39,7.8,7.8,2026-01-28,ACNIACT 15GM GEL,Pharmaoverseas,Oint-Cream-Gel
5,1,31.2,39,7.8,7.8,2026-01-29,ACNIACT 15GM GEL,Pharmaoverseas,Oint-Cream-Gel
5,1,31.2,39,7.8,7.8,2026-01-30,ACNIACT 15GM GEL,Pharmaoverseas,Oint-Cream-Gel
5,1,31.2,39,7.8,7.8,2026-01-31,ACNIACT 15GM GEL,Pharmaoverseas,Oint-Cream-Gel
5,1,31.2,39,7.8,7.8,2026-02-01,ACNIACT 15GM GEL,Pharmaoverseas,Oint-Cream-Gel
5,1,31.2,39,7.8,7.8,2026-02-02,ACNIACT 15GM GEL,Pharmaoverseas,Oint-Cream-Gel
5,1,31.2,39,7.8,7.8,2026-02-03,ACNIACT 15GM GEL,Pharmaoverseas,Oint-Cream-Gel
5,1,31.2,39,7.8,7.8,2026-02-04,ACNIACT 15GM GEL,Pharmaoverseas,Oint-Cream-Gel
5,1,31.2,39,7.8,7.8,2026-02-05,ACNIACT 15GM GEL,Pharmaoverseas,Oint-Cream-Gel
5,1,31.2,39,7.8,7.8,2026-02-06,ACNIACT 15GM GEL,Pharmaoverseas,Oint-Cream-Gel
5,1,31.2,39,7.8,7.8,2026-02-09,ACNIACT 15GM GEL,Pharmaoverseas,Oint-Cream-Gel
5,1,31.2,39,7.8,7.8,2026-02-10,ACNIACT 15GM GEL,Pharmaoverseas,Oint-Cream-Gel
5,1,31.2,39,7.8,7.8,2026-02-11,ACNIACT 15GM GEL,Pharmaoverseas,Oint-Cream-Gel
5,1,31.2,39,7.8,7.8,2026-02-12,ACNIACT 15GM GEL,Pharmaoverseas,Oint-Cream-Gel
5,1,31.2,39,7.8,7.8,2026-02-13,ACNIACT 15GM GEL,Pharmaoverseas,Oint-Cream-Gel
5,1,31.2,39,7.8,7.8,2026-02-15,ACNIACT 15GM GEL,Pharmaoverseas,Oint-Cream-Gel
5,1,31.2,39,7.8,7.8,2026-02-16,ACNIACT 15GM GEL,Pharmaoverseas,Oint-Cream-Gel
5,1,31.2,39,7.8,7.8,2026-02-17,ACNIACT 15GM GEL,Pharmaoverseas,Oint-Cream-Gel
5,1,31.2,39,7.8,7.8,2026-02-18,ACNIACT 15GM GEL,Pharmaoverseas,Oint-Cream-Gel
5,1,31.2,39,7.8,7.8,2026-02-19,ACNIACT 15GM GEL,Pharmaoverseas,Oint-Cream-Gel
5,1,31.2,39,7.8,7.8,2026-02-20,ACNIACT 15GM GEL,Pharmaoverseas,Oint-Cream-Gel
5,1,31.2,39,7.8,7.8,2026-02-22,ACNIACT 15GM GEL,Pharmaoverseas,Oint-Cream-Gel
5,1,31.2,39,7.8,7.8,2026-02-23,ACNIACT 15GM GEL,Pharmaoverseas,Oint-Cream-Gel
5,1,31.2,39,7.8,7.8,2026-02-26,ACNIACT 15GM GEL,Pharmaoverseas,Oint-Cream-Gel
5,1,31.2,39,7.8,7.8,2026-02-27,ACNIACT 15GM GEL,Pharmaoverseas,Oint-Cream-Gel
5,1,31.2,39,7.8,7.8,2026-02-28,ACNIACT 15GM GEL,Pharmaoverseas,Oint-Cream-Gel
5,1,31.2,39,7.8,7.8,2026-03-02,ACNIACT 15GM GEL,Pharmaoverseas,Oint-Cream-Gel
5,1,31.2,39,7.8,7.8,2026-03-03,ACNIACT 15GM GEL,Pharmaoverseas,Oint-Cream-Gel
5,1,31.2,39,7.8,7.8,2026-03-04,ACNIACT 15GM GEL,Pharmaoverseas,Oint-Cream-Gel
5,1,31.2,39,7.8,7.8,2026-03-05,ACNIACT 15GM GEL,Pharmaoverseas,Oint-Cream-Gel
5,1,31.2,39,7.8,7.8,2026-03-06,ACNIACT 15GM GEL,Pharmaoverseas,Oint-Cream-Gel
5,1,31.2,39,7.8,7.8,2026-03-08,ACNIACT 15GM GEL,Pharmaoverseas,Oint-Cream-Gel
5,1,31.2,39,7.8,7.8,2026-03-09,ACNIACT 15GM GEL,Pharmaoverseas,Oint-Cream-Gel
5,1,31.2,39,7.8,7.8,2026-03-10,ACNIACT 15GM GEL,Pharmaoverseas,Oint-Cream-Gel
5,1,31.2,39,7.8,7.8,2026-03-11,ACNIACT 15GM GEL,Pharmaoverseas,Oint-Cream-Gel
5,1,31.2,39,7.8,7.8,2026-03-12,ACNIACT 15GM GEL,Pharmaoverseas,Oint-Cream-Gel
5,1,31.2,39,7.8,7.8,2026-03-13,ACNIACT 15GM GEL,Pharmaoverseas,Oint-Cream-Gel
5,1,31.2,39,7.8,7.8,2026-03-15,ACNIACT 15GM GEL,Pharmaoverseas,Oint-Cream-Gel
5,1,31.2,39,7.8,7.8,2026-03-16,ACNIACT 15GM GEL,Pharmaoverseas,Oint-Cream-Gel
5,1,31.2,39,7.8,7.8,2026-03-18,ACNIACT 15GM GEL,Pharmaoverseas,Oint-Cream-Gel
5,1,31.2,39,7.8,7.8,2026-03-19,ACNIACT 15GM GEL,Pharmaoverseas,Oint-Cream-Gel
5,1,31.2,39,7.8,7.8,2026-03-20,ACNIACT 15GM GEL,Pharmaoverseas,Oint-Cream-Gel
6,1,33.44,38,4.56,4.56,2025-12-23,ACRETIN 0.025% 30GM CREAM,MULTI-PHARMA,Oint-Cream-Gel
6,1,33.44,38,4.56,4.56,2026-01-07,ACRETIN 0.025% 30GM CREAM,MULTI-PHARMA,Oint-Cream-Gel
6,1,33.44,38,4.56,4.56,2026-01-12,ACRETIN 0.025% 30GM CREAM,MULTI-PHARMA,Oint-Cream-Gel
6,1,33.44,38,4.56,4.56,2026-01-15,ACRETIN 0.025% 30GM CREAM,MULTI-PHARMA,Oint-Cream-Gel
6,1,33.44,38,4.56,4.56,2026-02-03,ACRETIN 0.025% 30GM CREAM,MULTI-PHARMA,Oint-Cream-Gel
6,1,33.44,38,4.56,4.56,2026-02-19,ACRETIN 0.025% 30GM CREAM,MULTI-PHARMA,Oint-Cream-Gel
6,1,33.44,38,4.56,4.56,2026-02-20,ACRETIN 0.025% 30GM CREAM,MULTI-PHARMA,Oint-Cream-Gel
6,1,33.44,38,4.56,4.56,2026-03-03,ACRETIN 0.025% 30GM CREAM,MULTI-PHARMA,Oint-Cream-Gel
6,1,33.44,38,4.56,4.56,2026-03-06,ACRETIN 0.025% 30GM CREAM,MULTI-PHARMA,Oint-Cream-Gel
6,1,33.44,38,4.56,4.56,2026-03-11,ACRETIN 0.025% 30GM CREAM,MULTI-PHARMA,Oint-Cream-Gel
6,1,33.44,38,4.56,4.56,2026-03-20,ACRETIN 0.025% 30GM CREAM,MULTI-PHARMA,Oint-Cream-Gel
7,1,37.84,43,5.16,5.16,2025-12-23,ACRETIN 0.05% 30GM CR,MULTI-PHARMA,Oint-Cream-Gel
7,1,37.84,43,5.16,5.16,2025-12-25,ACRETIN 0.05% 30GM CR,MULTI-PHARMA,Oint-Cream-Gel
7,1,37.84,43,5.16,5.16,2026-01-02,ACRETIN 0.05% 30GM CR,MULTI-PHARMA,Oint-Cream-Gel
7,1,37.84,43,5.16,5.16,2026-01-07,ACRETIN 0.05% 30GM CR,MULTI-PHARMA,Oint-Cream-Gel
7,1,37.84,43,5.16,5.16,2026-01-08,ACRETIN 0.05% 30GM CR,MULTI-PHARMA,Oint-Cream-Gel
7,1,37.84,43,5.16,5.16,2026-01-13,ACRETIN 0.05% 30GM CR,MULTI-PHARMA,Oint-Cream-Gel
7,1,37.84,43,5.16,5.16,2026-01-14,ACRETIN 0.05% 30GM CR,MULTI-PHARMA,Oint-Cream-Gel
7,1,37.84,43,5.16,5.16,2026-01-19,ACRETIN 0.05% 30GM CR,MULTI-PHARMA,Oint-Cream-Gel
7,1,37.84,43,5.16,5.16,2026-01-21,ACRETIN 0.05% 30GM CR,MULTI-PHARMA,Oint-Cream-Gel
7,1,37.84,43,5.16,5.16,2026-01-22,ACRETIN 0.05% 30GM CR,MULTI-PHARMA,Oint-Cream-Gel
7,1,37.84,43,5.16,5.16,2026-01-30,ACRETIN 0.05% 30GM CR,MULTI-PHARMA,Oint-Cream-Gel
7,1,37.84,43,5.16,5.16,2026-02-02,ACRETIN 0.05% 30GM CR,MULTI-PHARMA,Oint-Cream-Gel
7,1,37.84,43,5.16,5.16,2026-02-06,ACRETIN 0.05% 30GM CR,MULTI-PHARMA,Oint-Cream-Gel
7,1,37.84,43,5.16,5.16,2026-02-09,ACRETIN 0.05% 30GM CR,MULTI-PHARMA,Oint-Cream-Gel
7,1,37.84,43,5.16,5.16,2026-02-12,ACRETIN 0.05% 30GM CR,MULTI-PHARMA,Oint-Cream-Gel
7,1,37.84,43,5.16,5.16,2026-02-13,ACRETIN 0.05% 30GM CR,MULTI-PHARMA,Oint-Cream-Gel
7,1,37.84,43,5.16,5.16,2026-02-16,ACRETIN 0.05% 30GM CR,MULTI-PHARMA,Oint-Cream-Gel
7,1,37.84,43,5.16,5.16,2026-02-17,ACRETIN 0.05% 30GM CR,MULTI-PHARMA,Oint-Cream-Gel
7,1,37.84,43,5.16,5.16,2026-02-18,ACRETIN 0.05% 30GM CR,MULTI-PHARMA,Oint-Cream-Gel
7,1,37.84,43,5.16,5.16,2026-02-27,ACRETIN 0.05% 30GM CR,MULTI-PHARMA,Oint-Cream-Gel
7,1,37.84,43,5.16,5.16,2026-03-03,ACRETIN 0.05% 30GM CR,MULTI-PHARMA,Oint-Cream-Gel
7,1,37.84,43,5.16,5.16,2026-03-04,ACRETIN 0.05% 30GM CR,MULTI-PHARMA,Oint-Cream-Gel
7,1,37.84,43,5.16,5.16,2026-03-06,ACRETIN 0.05% 30GM CR,MULTI-PHARMA,Oint-Cream-Gel
7,1,37.84,43,5.16,5.16,2026-03-09,ACRETIN 0.05% 30GM CR,MULTI-PHARMA,Oint-Cream-Gel
7,1,37.84,43,5.16,5.16,2026-03-16,ACRETIN 0.05% 30GM CR,MULTI-PHARMA,Oint-Cream-Gel
7,1,37.84,43,5.16,5.16,2026-03-18,ACRETIN 0.05% 30GM CR,MULTI-PHARMA,Oint-Cream-Gel
7,1,37.84,43,5.16,5.16,2026-03-20,ACRETIN 0.05% 30GM CR,MULTI-PHARMA,Oint-Cream-Gel
8,1,688.0,860,172.0,172.0,2025-12-22,ACTI-COLLA ADVANCE 30SH,Pharmaoverseas,SACHETS + GRANULES
8,1,688.0,860,172.0,172.0,2025-12-23,ACTI-COLLA ADVANCE 30SH,Pharmaoverseas,SACHETS + GRANULES
8,1,688.0,860,172.0,172.0,2025-12-24,ACTI-COLLA ADVANCE 30SH,Pharmaoverseas,SACHETS + GRANULES
8,1,688.0,860,172.0,172.0,2025-12-25,ACTI-COLLA ADVANCE 30SH,Pharmaoverseas,SACHETS + GRANULES
8,1,688.0,860,172.0,172.0,2025-12-26,ACTI-COLLA ADVANCE 30SH,Pharmaoverseas,SACHETS + GRANULES
8,1,688.0,860,172.0,172.0,2025-12-27,ACTI-COLLA ADVANCE 30SH,Pharmaoverseas,SACHETS + GRANULES
8,1,688.0,860,172.0,172.0,2025-12-28,ACTI-COLLA ADVANCE 30SH,Pharmaoverseas,SACHETS + GRANULES
8,1,688.0,860,172.0,172.0,2025-12-29,ACTI-COLLA ADVANCE 30SH,Pharmaoverseas,SACHETS + GRANULES
8,1,688.0,860,172.0,172.0,2025-12-30,ACTI-COLLA ADVANCE 30SH,Pharmaoverseas,SACHETS + GRANULES
8,1,688.0,860,172.0,172.0,2025-12-31,ACTI-COLLA ADVANCE 30SH,Pharmaoverseas,SACHETS + GRANULES
8,1,688.0,860,172.0,172.0,2026-01-01,ACTI-COLLA ADVANCE 30SH,Pharmaoverseas,SACHETS + GRANULES
8,1,688.0,860,172.0,172.0,2026-01-02,ACTI-COLLA ADVANCE 30SH,Pharmaoverseas,SACHETS + GRANULES
8,1,688.0,860,172.0,172.0,2026-01-03,ACTI-COLLA ADVANCE 30SH,Pharmaoverseas,SACHETS + GRANULES
8,1,688.0,860,172.0,172.0,2026-01-04,ACTI-COLLA ADVANCE 30SH,Pharmaoverseas,SACHETS + GRANULES
8,1,688.0,860,172.0,172.0,2026-01-05,ACTI-COLLA ADVANCE 30SH,Pharmaoverseas,SACHETS + GRANULES
8,1,688.0,860,172.0,172.0,2026-01-06,ACTI-COLLA ADVANCE 30SH,Pharmaoverseas,SACHETS + GRANULES
8,1,688.0,860,172.0,172.0,2026-01-07,ACTI-COLLA ADVANCE 30SH,Pharmaoverseas,SACHETS + GRANULES
8,1,688.0,860,172.0,172.0,2026-01-08,ACTI-COLLA ADVANCE 30SH,Pharmaoverseas,SACHETS + GRANULES
8,1,688.0,860,172.0,172.0,2026-01-09,ACTI-COLLA ADVANCE 30SH,Pharmaoverseas,SACHETS + GRANULES
8,1,688.0,860,172.0,172.0,2026-01-11,ACTI-COLLA ADVANCE 30SH,Pharmaoverseas,SACHETS + GRANULES
8,1,688.0,860,172.0,172.0,2026-01-12,ACTI-COLLA ADVANCE 30SH,Pharmaoverseas,SACHETS + GRANULES
8,1,688.0,860,172.0,172.0,2026-01-13,ACTI-COLLA ADVANCE 30SH,Pharmaoverseas,SACHETS + GRANULES
8,1,688.0,860,172.0,172.0,2026-01-14,ACTI-COLLA ADVANCE 30SH,Pharmaoverseas,SACHETS + GRANULES
8,1,688.0,860,172.0,172.0,2026-01-15,ACTI-COLLA ADVANCE 30SH,Pharmaoverseas,SACHETS + GRANULES
8,1,688.0,860,172.0,172.0,2026-01-16,ACTI-COLLA ADVANCE 30SH,Pharmaoverseas,SACHETS + GRANULES
8,1,688.0,860,172.0,172.0,2026-01-17,ACTI-COLLA ADVANCE 30SH,Pharmaoverseas,SACHETS + GRANULES
8,1,688.0,860,172.0,172.0,2026-01-18,ACTI-COLLA ADVANCE 30SH,Pharmaoverseas,SACHETS + GRANULES
8,1,688.0,860,172.0,172.0,2026-01-19,ACTI-COLLA ADVANCE 30SH,Pharmaoverseas,SACHETS + GRANULES
8,1,688.0,860,172.0,172.0,2026-01-20,ACTI-COLLA ADVANCE 30SH,Pharmaoverseas,SACHETS + GRANULES
8,1,688.0,860,172.0,172.0,2026-01-21,ACTI-COLLA ADVANCE 30SH,Pharmaoverseas,SACHETS + GRANULES
8,1,688.0,860,172.0,172.0,2026-01-22,ACTI-COLLA ADVANCE 30SH,Pharmaoverseas,SACHETS + GRANULES
8,1,688.0,860,172.0,172.0,2026-01-23,ACTI-COLLA ADVANCE 30SH,Pharmaoverseas,SACHETS + GRANULES
8,1,688.0,860,172.0,172.0,2026-01-24,ACTI-COLLA ADVANCE 30SH,Pharmaoverseas,SACHETS + GRANULES
8,1,688.0,860,172.0,172.0,2026-01-25,ACTI-COLLA ADVANCE 30SH,Pharmaoverseas,SACHETS + GRANULES
8,1,688.0,860,172.0,172.0,2026-01-26,ACTI-COLLA ADVANCE 30SH,Pharmaoverseas,SACHETS + GRANULES
8,1,688.0,860,172.0,172.0,2026-01-27,ACTI-COLLA ADVANCE 30SH,Pharmaoverseas,SACHETS + GRANULES
8,1,688.0,860,172.0,172.0,2026-01-28,ACTI-COLLA ADVANCE 30SH,Pharmaoverseas,SACHETS + GRANULES
8,1,688.0,860,172.0,172.0,2026-01-29,ACTI-COLLA ADVANCE 30SH,Pharmaoverseas,SACHETS + GRANULES
8,1,688.0,860,172.0,172.0,2026-01-30,ACTI-COLLA ADVANCE 30SH,Pharmaoverseas,SACHETS + GRANULES
8,1,688.0,860,172.0,172.0,2026-01-31,ACTI-COLLA ADVANCE 30SH,Pharmaoverseas,SACHETS + GRANULES
8,1,688.0,860,172.0,172.0,2026-02-01,ACTI-COLLA ADVANCE 30SH,Pharmaoverseas,SACHETS + GRANULES
8,1,688.0,860,172.0,172.0,2026-02-02,ACTI-COLLA ADVANCE 30SH,Pharmaoverseas,SACHETS + GRANULES
8,2,688.0,860,172.0,344.0,2026-02-03,ACTI-COLLA ADVANCE 30SH,Pharmaoverseas,SACHETS + GRANULES
8,1,688.0,860,172.0,172.0,2026-02-04,ACTI-COLLA ADVANCE 30SH,Pharmaoverseas,SACHETS + GRANULES
8,2,688.0,860,172.0,344.0,2026-02-05,ACTI-COLLA ADVANCE 30SH,Pharmaoverseas,SACHETS + GRANULES
8,1,688.0,860,172.0,172.0,2026-02-06,ACTI-COLLA ADVANCE 30SH,Pharmaoverseas,SACHETS + GRANULES
8,1,688.0,860,172.0,172.0,2026-02-08,ACTI-COLLA ADVANCE 30SH,Pharmaoverseas,SACHETS + GRANULES
8,1,688.0,860,172.0,172.0,2026-02-09,ACTI-COLLA ADVANCE 30SH,Pharmaoverseas,SACHETS + GRANULES
8,1,688.0,860,172.0,172.0,2026-02-10,ACTI-COLLA ADVANCE 30SH,Pharmaoverseas,SACHETS + GRANULES
8,1,688.0,860,172.0,172.0,2026-02-11,ACTI-COLLA ADVANCE 30SH,Pharmaoverseas,SACHETS + GRANULES
8,1,688.0,860,172.0,172.0,2026-02-12,ACTI-COLLA ADVANCE 30SH,Pharmaoverseas,SACHETS + GRANULES
8,1,688.0,860,172.0,172.0,2026-02-13,ACTI-COLLA ADVANCE 30SH,Pharmaoverseas,SACHETS + GRANULES
8,1,688.0,860,172.0,172.0,2026-02-14,ACTI-COLLA ADVANCE 30SH,Pharmaoverseas,SACHETS + GRANULES
8,1,688.0,860,172.0,172.0,2026-02-15,ACTI-COLLA ADVANCE 30SH,Pharmaoverseas,SACHETS + GRANULES
8,1,688.0,860,172.0,172.0,2026-02-16,ACTI-COLLA ADVANCE 30SH,Pharmaoverseas,SACHETS + GRANULES
8,1,688.0,860,172.0,172.0,2026-02-17,ACTI-COLLA ADVANCE 30SH,Pharmaoverseas,SACHETS + GRANULES
8,1,688.0,860,172.0,172.0,2026-02-18,ACTI-COLLA ADVANCE 30SH,Pharmaoverseas,SACHETS + GRANULES
8,1,688.0,860,172.0,172.0,2026-02-19,ACTI-COLLA ADVANCE 30SH,Pharmaoverseas,SACHETS + GRANULES
8,1,688.0,860,172.0,172.0,2026-02-20,ACTI-COLLA ADVANCE 30SH,Pharmaoverseas,SACHETS + GRANULES
8,1,688.0,860,172.0,172.0,2026-02-21,ACTI-COLLA ADVANCE 30SH,Pharmaoverseas,SACHETS + GRANULES
8,1,688.0,860,172.0,172.0,2026-02-22,ACTI-COLLA ADVANCE 30SH,Pharmaoverseas,SACHETS + GRANULES
8,1,688.0,860,172.0,172.0,2026-02-23,ACTI-COLLA ADVANCE 30SH,Pharmaoverseas,SACHETS + GRANULES
8,1,688.0,860,172.0,172.0,2026-02-24,ACTI-COLLA ADVANCE 30SH,Pharmaoverseas,SACHETS + GRANULES
8,1,688.0,860,172.0,172.0,2026-02-25,ACTI-COLLA ADVANCE 30SH,Pharmaoverseas,SACHETS + GRANULES
8,2,688.0,860,172.0,344.0,2026-02-26,ACTI-COLLA ADVANCE 30SH,Pharmaoverseas,SACHETS + GRANULES
8,1,688.0,860,172.0,172.0,2026-02-27,ACTI-COLLA ADVANCE 30SH,Pharmaoverseas,SACHETS + GRANULES
8,1,688.0,860,172.0,172.0,2026-02-28,ACTI-COLLA ADVANCE 30SH,Pharmaoverseas,SACHETS + GRANULES
8,1,688.0,860,172.0,172.0,2026-03-01,ACTI-COLLA ADVANCE 30SH,Pharmaoverseas,SACHETS + GRANULES
8,1,688.0,860,172.0,172.0,2026-03-02,ACTI-COLLA ADVANCE 30SH,Pharmaoverseas,SACHETS + GRANULES
8,1,688.0,860,172.0,172.0,2026-03-03,ACTI-COLLA ADVANCE 30SH,Pharmaoverseas,SACHETS + GRANULES
8,1,688.0,860,172.0,172.0,2026-03-04,ACTI-COLLA ADVANCE 30SH,Pharmaoverseas,SACHETS + GRANULES
8,1,688.0,860,172.0,172.0,2026-03-05,ACTI-COLLA ADVANCE 30SH,Pharmaoverseas,SACHETS + GRANULES
8,1,688.0,860,172.0,172.0,2026-03-06,ACTI-COLLA ADVANCE 30SH,Pharmaoverseas,SACHETS + GRANULES
8,1,688.0,860,172.0,172.0,2026-03-07,ACTI-COLLA ADVANCE 30SH,Pharmaoverseas,SACHETS + GRANULES
8,1,688.0,860,172.0,172.0,2026-03-09,ACTI-COLLA ADVANCE 30SH,Pharmaoverseas,SACHETS + GRANULES
8,1,688.0,860,172.0,172.0,2026-03-10,ACTI-COLLA ADVANCE 30SH,Pharmaoverseas,SACHETS + GRANULES
8,1,688.0,860,172.0,172.0,2026-03-11,ACTI-COLLA ADVANCE 30SH,Pharmaoverseas,SACHETS + GRANULES
8,1,688.0,860,172.0,172.0,2026-03-12,ACTI-COLLA ADVANCE 30SH,Pharmaoverseas,SACHETS + GRANULES
8,1,688.0,860,172.0,172.0,2026-03-14,ACTI-COLLA ADVANCE 30SH,Pharmaoverseas,SACHETS + GRANULES
8,1,688.0,860,172.0,172.0,2026-03-15,ACTI-COLLA ADVANCE 30SH,Pharmaoverseas,SACHETS + GRANULES
8,2,688.0,860,172.0,344.0,2026-03-16,ACTI-COLLA ADVANCE 30SH,Pharmaoverseas,SACHETS + GRANULES
8,1,688.0,860,172.0,172.0,2026-03-17,ACTI-COLLA ADVANCE 30SH,Pharmaoverseas,SACHETS + GRANULES
8,1,688.0,860,172.0,172.0,2026-03-18,ACTI-COLLA ADVANCE 30SH,Pharmaoverseas,SACHETS + GRANULES
8,1,688.0,860,172.0,172.0,2026-03-19,ACTI-COLLA ADVANCE 30SH,Pharmaoverseas,SACHETS + GRANULES
8,1,688.0,860,172.0,172.0,2026-03-20,ACTI-COLLA ADVANCE 30SH,Pharmaoverseas,SACHETS + GRANULES
9,2,29.33,55,25.67,51.34,2025-12-22,ACTI-FOLIC,Pharmaoverseas,TABLETS + CAPSULES
9,2,29.33,55,25.67,51.34,2025-12-23,ACTI-FOLIC,Pharmaoverseas,TABLETS + CAPSULES
9,1,29.33,55,25.67,25.67,2025-12-24,ACTI-FOLIC,Pharmaoverseas,TABLETS + CAPSULES
9,4,29.33,55,25.67,102.68,2025-12-25,ACTI-FOLIC,Pharmaoverseas,TABLETS + CAPSULES
9,2,29.33,55,25.67,51.34,2025-12-26,ACTI-FOLIC,Pharmaoverseas,TABLETS + CAPSULES
9,1,29.33,55,25.67,25.67,2025-12-27,ACTI-FOLIC,Pharmaoverseas,TABLETS + CAPSULES
9,2,29.33,55,25.67,51.34,2025-12-28,ACTI-FOLIC,Pharmaoverseas,TABLETS + CAPSULES
9,2,29.33,55,25.67,51.34,2025-12-29,ACTI-FOLIC,Pharmaoverseas,TABLETS + CAPSULES
9,2,29.33,55,25.67,51.34,2025-12-30,ACTI-FOLIC,Pharmaoverseas,TABLETS + CAPSULES
9,2,29.33,55,25.67,51.34,2025-12-31,ACTI-FOLIC,Pharmaoverseas,TABLETS + CAPSULES
9,1,29.33,55,25.67,25.67,2026-01-01,ACTI-FOLIC,Pharmaoverseas,TABLETS + CAPSULES
9,2,29.33,55,25.67,51.34,2026-01-02,ACTI-FOLIC,Pharmaoverseas,TABLETS + CAPSULES
9,1,29.33,55,25.67,25.67,2026-01-03,ACTI-FOLIC,Pharmaoverseas,TABLETS + CAPSULES
9,2,29.33,55,25.67,51.34,2026-01-04,ACTI-FOLIC,Pharmaoverseas,TABLETS + CAPSULES
9,3,29.33,55,25.67,77.01,2026-01-05,ACTI-FOLIC,Pharmaoverseas,TABLETS + CAPSULES
9,2,29.33,55,25.67,51.34,2026-01-06,ACTI-FOLIC,Pharmaoverseas,TABLETS + CAPSULES
9,2,29.33,55,25.67,51.34,2026-01-07,ACTI-FOLIC,Pharmaoverseas,TABLETS + CAPSULES
9,3,29.33,55,25.67,77.01,2026-01-08,ACTI-FOLIC,Pharmaoverseas,TABLETS + CAPSULES
9,2,29.33,55,25.67,51.34,2026-01-09,ACTI-FOLIC,Pharmaoverseas,TABLETS + CAPSULES
9,1,29.33,55,25.67,25.67,2026-01-10,ACTI-FOLIC,Pharmaoverseas,TABLETS + CAPSULES
9,1,29.33,55,25.67,25.67,2026-01-11,ACTI-FOLIC,Pharmaoverseas,TABLETS + CAPSULES
9,2,29.33,55,25.67,51.34,2026-01-12,ACTI-FOLIC,Pharmaoverseas,TABLETS + CAPSULES
9,3,29.33,55,25.67,77.01,2026-01-13,ACTI-FOLIC,Pharmaoverseas,TABLETS + CAPSULES
9,2,29.33,55,25.67,51.34,2026-01-14,ACTI-FOLIC,Pharmaoverseas,TABLETS + CAPSULES
9,3,29.33,55,25.67,77.01,2026-01-15,ACTI-FOLIC,Pharmaoverseas,TABLETS + CAPSULES
9,3,29.33,55,25.67,77.01,2026-01-16,ACTI-FOLIC,Pharmaoverseas,TABLETS + CAPSULES
9,1,29.33,55,25.67,25.67,2026-01-17,ACTI-FOLIC,Pharmaoverseas,TABLETS + CAPSULES
9,1,29.33,55,25.67,25.67,2026-01-18,ACTI-FOLIC,Pharmaoverseas,TABLETS + CAPSULES
9,3,29.33,55,25.67,77.01,2026-01-19,ACTI-FOLIC,Pharmaoverseas,TABLETS + CAPSULES
9,2,29.33,55,25.67,51.34,2026-01-20,ACTI-FOLIC,Pharmaoverseas,TABLETS + CAPSULES
9,2,29.33,55,25.67,51.34,2026-01-21,ACTI-FOLIC,Pharmaoverseas,TABLETS + CAPSULES
9,4,29.33,55,25.67,102.68,2026-01-22,ACTI-FOLIC,Pharmaoverseas,TABLETS + CAPSULES
9,1,29.33,55,25.67,25.67,2026-01-23,ACTI-FOLIC,Pharmaoverseas,TABLETS + CAPSULES
9,2,29.33,55,25.67,51.34,2026-01-24,ACTI-FOLIC,Pharmaoverseas,TABLETS + CAPSULES
9,1,29.33,55,25.67,25.67,2026-01-25,ACTI-FOLIC,Pharmaoverseas,TABLETS + CAPSULES
9,3,29.33,55,25.67,77.01,2026-01-26,ACTI-FOLIC,Pharmaoverseas,TABLETS + CAPSULES
9,2,29.33,55,25.67,51.34,2026-01-27,ACTI-FOLIC,Pharmaoverseas,TABLETS + CAPSULES
9,3,29.33,55,25.67,77.01,2026-01-28,ACTI-FOLIC,Pharmaoverseas,TABLETS + CAPSULES
9,3,29.33,55,25.67,77.01,2026-01-29,ACTI-FOLIC,Pharmaoverseas,TABLETS + CAPSULES
9,3,29.33,55,25.67,77.01,2026-01-30,ACTI-FOLIC,Pharmaoverseas,TABLETS + CAPSULES
9,1,29.33,55,25.67,25.67,2026-01-31,ACTI-FOLIC,Pharmaoverseas,TABLETS + CAPSULES
9,2,29.33,55,25.67,51.34,2026-02-01,ACTI-FOLIC,Pharmaoverseas,TABLETS + CAPSULES
9,3,29.33,55,25.67,77.01,2026-02-02,ACTI-FOLIC,Pharmaoverseas,TABLETS + CAPSULES
9,3,29.33,55,25.67,77.01,2026-02-03,ACTI-FOLIC,Pharmaoverseas,TABLETS + CAPSULES
9,2,29.33,55,25.67,51.34,2026-02-04,ACTI-FOLIC,Pharmaoverseas,TABLETS + CAPSULES
9,4,29.33,55,25.67,102.68,2026-02-05,ACTI-FOLIC,Pharmaoverseas,TABLETS + CAPSULES
9,4,29.33,55,25.67,102.68,2026-02-06,ACTI-FOLIC,Pharmaoverseas,TABLETS + CAPSULES
9,1,29.33,55,25.67,25.67,2026-02-07,ACTI-FOLIC,Pharmaoverseas,TABLETS + CAPSULES
9,1,29.33,55,25.67,25.67,2026-02-08,ACTI-FOLIC,Pharmaoverseas,TABLETS + CAPSULES
9,2,29.33,55,25.67,51.34,2026-02-09,ACTI-FOLIC,Pharmaoverseas,TABLETS + CAPSULES
9,2,29.33,55,25.67,51.34,2026-02-10,ACTI-FOLIC,Pharmaoverseas,TABLETS + CAPSULES
9,2,29.33,55,25.67,51.34,2026-02-11,ACTI-FOLIC,Pharmaoverseas,TABLETS + CAPSULES
9,3,29.33,55,25.67,77.01,2026-02-12,ACTI-FOLIC,Pharmaoverseas,TABLETS + CAPSULES
9,2,29.33,55,25.67,51.34,2026-02-13,ACTI-FOLIC,Pharmaoverseas,TABLETS + CAPSULES
9,1,29.33,55,25.67,25.67,2026-02-14,ACTI-FOLIC,Pharmaoverseas,TABLETS + CAPSULES
9,2,29.33,55,25.67,51.34,2026-02-15,ACTI-FOLIC,Pharmaoverseas,TABLETS + CAPSULES
9,1,29.33,55,25.67,25.67,2026-02-16,ACTI-FOLIC,Pharmaoverseas,TABLETS + CAPSULES
9,2,29.33,55,25.67,51.34,2026-02-17,ACTI-FOLIC,Pharmaoverseas,TABLETS + CAPSULES
9,3,29.33,55,25.67,77.01,2026-02-18,ACTI-FOLIC,Pharmaoverseas,TABLETS + CAPSULES
9,2,29.33,55,25.67,51.34,2026-02-19,ACTI-FOLIC,Pharmaoverseas,TABLETS + CAPSULES
9,3,29.33,55,25.67,77.01,2026-02-20,ACTI-FOLIC,Pharmaoverseas,TABLETS + CAPSULES
9,2,29.33,55,25.67,51.34,2026-02-21,ACTI-FOLIC,Pharmaoverseas,TABLETS + CAPSULES
9,1,29.33,55,25.67,25.67,2026-02-22,ACTI-FOLIC,Pharmaoverseas,TABLETS + CAPSULES
9,2,29.33,55,25.67,51.34,2026-02-23,ACTI-FOLIC,Pharmaoverseas,TABLETS + CAPSULES
9,3,29.33,55,25.67,77.01,2026-02-24,ACTI-FOLIC,Pharmaoverseas,TABLETS + CAPSULES
9,2,29.33,55,25.67,51.34,2026-02-25,ACTI-FOLIC,Pharmaoverseas,TABLETS + CAPSULES
9,3,29.33,55,25.67,77.01,2026-02-26,ACTI-FOLIC,Pharmaoverseas,TABLETS + CAPSULES
9,2,29.33,55,25.67,51.34,2026-02-27,ACTI-FOLIC,Pharmaoverseas,TABLETS + CAPSULES
9,2,29.33,55,25.67,51.34,2026-02-28,ACTI-FOLIC,Pharmaoverseas,TABLETS + CAPSULES
9,1,29.33,55,25.67,25.67,2026-03-01,ACTI-FOLIC,Pharmaoverseas,TABLETS + CAPSULES
9,3,29.33,55,25.67,77.01,2026-03-02,ACTI-FOLIC,Pharmaoverseas,TABLETS + CAPSULES
9,3,29.33,55,25.67,77.01,2026-03-03,ACTI-FOLIC,Pharmaoverseas,TABLETS + CAPSULES
9,2,29.33,55,25.67,51.34,2026-03-04,ACTI-FOLIC,Pharmaoverseas,TABLETS + CAPSULES
9,2,29.33,55,25.67,51.34,2026-03-05,ACTI-FOLIC,Pharmaoverseas,TABLETS + CAPSULES
9,3,29.33,55,25.67,77.01,2026-03-06,ACTI-FOLIC,Pharmaoverseas,TABLETS + CAPSULES
9,1,29.33,55,25.67,25.67,2026-03-07,ACTI-FOLIC,Pharmaoverseas,TABLETS + CAPSULES
9,1,29.33,55,25.67,25.67,2026-03-08,ACTI-FOLIC,Pharmaoverseas,TABLETS + CAPSULES
9,2,29.33,55,25.67,51.34,2026-03-09,ACTI-FOLIC,Pharmaoverseas,TABLETS + CAPSULES
9,2,29.33,55,25.67,51.34,2026-03-10,ACTI-FOLIC,Pharmaoverseas,TABLETS + CAPSULES
9,3,29.33,55,25.67,77.01,2026-03-11,ACTI-FOLIC,Pharmaoverseas,TABLETS + CAPSULES
9,4,29.33,55,25.67,102.68,2026-03-12,ACTI-FOLIC,Pharmaoverseas,TABLETS + CAPSULES
9,2,29.33,55,25.67,51.34,2026-03-13,ACTI-FOLIC,Pharmaoverseas,TABLETS + CAPSULES
9,1,29.33,55,25.67,25.67,2026-03-14,ACTI-FOLIC,Pharmaoverseas,TABLETS + CAPSULES
9,2,29.33,55,25.67,51.34,2026-03-15,ACTI-FOLIC,Pharmaoverseas,TABLETS + CAPSULES
9,2,29.33,55,25.67,51.34,2026-03-16,ACTI-FOLIC,Pharmaoverseas,TABLETS + CAPSULES
9,2,29.33,55,25.67,51.34,2026-03-17,ACTI-FOLIC,Pharmaoverseas,TABLETS + CAPSULES
9,3,29.33,55,25.67,77.01,2026-03-18,ACTI-FOLIC,Pharmaoverseas,TABLETS + CAPSULES
9,2,29.33,55,25.67,51.34,2026-03-19,ACTI-FOLIC,Pharmaoverseas,TABLETS + CAPSULES
9,3,29.33,55,25.67,77.01,2026-03-20,ACTI-FOLIC,Pharmaoverseas,TABLETS + CAPSULES
9,2,29.33,55,25.67,51.34,2026-03-21,ACTI-FOLIC,Pharmaoverseas,TABLETS + CAPSULES
10,1,476.8,149,-327.8,-327.8,2025-12-30,ACTOMAX SPRAY,Pharmaoverseas,COSMETIC
10,1,476.8,149,-327.8,-327.8,2026-01-09,ACTOMAX SPRAY,Pharmaoverseas,COSMETIC
11,1,304.2,338,33.8,33.8,2025-12-22,ACTRAPID 5PENFILL,NOVO (INSULIN),Injections-Ampules-Vials
11,1,304.2,338,33.8,33.8,2025-12-23,ACTRAPID 5PENFILL,NOVO (INSULIN),Injections-Ampules-Vials
11,1,304.2,338,33.8,33.8,2025-12-24,ACTRAPID 5PENFILL,NOVO (INSULIN),Injections-Ampules-Vials
11,1,304.2,338,33.8,33.8,2025-12-25,ACTRAPID 5PENFILL,NOVO (INSULIN),Injections-Ampules-Vials
11,1,304.2,338,33.8,33.8,2025-12-27,ACTRAPID 5PENFILL,NOVO (INSULIN),Injections-Ampules-Vials
11,1,304.2,338,33.8,33.8,2025-12-29,ACTRAPID 5PENFILL,NOVO (INSULIN),Injections-Ampules-Vials
11,1,304.2,338,33.8,33.8,2025-12-30,ACTRAPID 5PENFILL,NOVO (INSULIN),Injections-Ampules-Vials
11,1,304.2,338,33.8,33.8,2025-12-31,ACTRAPID 5PENFILL,NOVO (INSULIN),Injections-Ampules-Vials
11,1,304.2,338,33.8,33.8,2026-01-01,ACTRAPID 5PENFILL,NOVO (INSULIN),Injections-Ampules-Vials
11,1,304.2,338,33.8,33.8,2026-01-05,ACTRAPID 5PENFILL,NOVO (INSULIN),Injections-Ampules-Vials
11,1,304.2,338,33.8,33.8,2026-01-06,ACTRAPID 5PENFILL,NOVO (INSULIN),Injections-Ampules-Vials
11,1,304.2,338,33.8,33.8,2026-01-07,ACTRAPID 5PENFILL,NOVO (INSULIN),Injections-Ampules-Vials
11,1,304.2,338,33.8,33.8,2026-01-08,ACTRAPID 5PENFILL,NOVO (INSULIN),Injections-Ampules-Vials
11,1,304.2,338,33.8,33.8,2026-01-12,ACTRAPID 5PENFILL,NOVO (INSULIN),Injections-Ampules-Vials
11,1,304.2,338,33.8,33.8,2026-01-15,ACTRAPID 5PENFILL,NOVO (INSULIN),Injections-Ampules-Vials
11,1,304.2,338,33.8,33.8,2026-01-19,ACTRAPID 5PENFILL,NOVO (INSULIN),Injections-Ampules-Vials
11,1,304.2,338,33.8,33.8,2026-01-20,ACTRAPID 5PENFILL,NOVO (INSULIN),Injections-Ampules-Vials
11,1,304.2,338,33.8,33.8,2026-01-21,ACTRAPID 5PENFILL,NOVO (INSULIN),Injections-Ampules-Vials
11,1,304.2,338,33.8,33.8,2026-01-22,ACTRAPID 5PENFILL,NOVO (INSULIN),Injections-Ampules-Vials
11,1,304.2,338,33.8,33.8,2026-01-23,ACTRAPID 5PENFILL,NOVO (INSULIN),Injections-Ampules-Vials
11,1,304.2,338,33.8,33.8,2026-01-26,ACTRAPID 5PENFILL,NOVO (INSULIN),Injections-Ampules-Vials
11,1,304.2,338,33.8,33.8,2026-01-27,ACTRAPID 5PENFILL,NOVO (INSULIN),Injections-Ampules-Vials
11,1,304.2,338,33.8,33.8,2026-01-28,ACTRAPID 5PENFILL,NOVO (INSULIN),Injections-Ampules-Vials
11,1,304.2,338,33.8,33.8,2026-01-29,ACTRAPID 5PENFILL,NOVO (INSULIN),Injections-Ampules-Vials
11,1,304.2,338,33.8,33.8,2026-01-30,ACTRAPID 5PENFILL,NOVO (INSULIN),Injections-Ampules-Vials
11,1,304.2,338,33.8,33.8,2026-02-02,ACTRAPID 5PENFILL,NOVO (INSULIN),Injections-Ampules-Vials
11,1,304.2,338,33.8,33.8,2026-02-03,ACTRAPID 5PENFILL,NOVO (INSULIN),Injections-Ampules-Vials
11,1,304.2,338,33.8,33.8,2026-02-04,ACTRAPID 5PENFILL,NOVO (INSULIN),Injections-Ampules-Vials
11,1,304.2,338,33.8,33.8,2026-02-05,ACTRAPID 5PENFILL,NOVO (INSULIN),Injections-Ampules-Vials
11,1,304.2,338,33.8,33.8,2026-02-06,ACTRAPID 5PENFILL,NOVO (INSULIN),Injections-Ampules-Vials
11,1,304.2,338,33.8,33.8,2026-02-09,ACTRAPID 5PENFILL,NOVO (INSULIN),Injections-Ampules-Vials
11,1,304.2,338,33.8,33.8,2026-02-10,ACTRAPID 5PENFILL,NOVO (INSULIN),Injections-Ampules-Vials
11,1,304.2,338,33.8,33.8,2026-02-11,ACTRAPID 5PENFILL,NOVO (INSULIN),Injections-Ampules-Vials
11,1,304.2,338,33.8,33.8,2026-02-12,ACTRAPID 5PENFILL,NOVO (INSULIN),Injections-Ampules-Vials
11,1,304.2,338,33.8,33.8,2026-02-13,ACTRAPID 5PENFILL,NOVO (INSULIN),Injections-Ampules-Vials
11,1,304.2,338,33.8,33.8,2026-02-14,ACTRAPID 5PENFILL,NOVO (INSULIN),Injections-Ampules-Vials
11,1,304.2,338,33.8,33.8,2026-02-16,ACTRAPID 5PENFILL,NOVO (INSULIN),Injections-Ampules-Vials
11,1,304.2,338,33.8,33.8,2026-02-17,ACTRAPID 5PENFILL,NOVO (INSULIN),Injections-Ampules-Vials
11,1,304.2,338,33.8,33.8,2026-02-18,ACTRAPID 5PENFILL,NOVO (INSULIN),Injections-Ampules-Vials
11,1,304.2,338,33.8,33.8,2026-02-19,ACTRAPID 5PENFILL,NOVO (INSULIN),Injections-Ampules-Vials
11,1,304.2,338,33.8,33.8,2026-02-23,ACTRAPID 5PENFILL,NOVO (INSULIN),Injections-Ampules-Vials
11,1,304.2,338,33.8,33.8,2026-02-24,ACTRAPID 5PENFILL,NOVO (INSULIN),Injections-Ampules-Vials
11,1,304.2,338,33.8,33.8,2026-02-26,ACTRAPID 5PENFILL,NOVO (INSULIN),Injections-Ampules-Vials
11,1,304.2,338,33.8,33.8,2026-02-27,ACTRAPID 5PENFILL,NOVO (INSULIN),Injections-Ampules-Vials
11,1,304.2,338,33.8,33.8,2026-02-28,ACTRAPID 5PENFILL,NOVO (INSULIN),Injections-Ampules-Vials
11,1,304.2,338,33.8,33.8,2026-03-02,ACTRAPID 5PENFILL,NOVO (INSULIN),Injections-Ampules-Vials
11,1,304.2,338,33.8,33.8,2026-03-03,ACTRAPID 5PENFILL,NOVO (INSULIN),Injections-Ampules-Vials
11,1,304.2,338,33.8,33.8,2026-03-05,ACTRAPID 5PENFILL,NOVO (INSULIN),Injections-Ampules-Vials
11,1,304.2,338,33.8,33.8,2026-03-06,ACTRAPID 5PENFILL,NOVO (INSULIN),Injections-Ampules-Vials
11,1,304.2,338,33.8,33.8,2026-03-08,ACTRAPID 5PENFILL,NOVO (INSULIN),Injections-Ampules-Vials
11,1,304.2,338,33.8,33.8,2026-03-09,ACTRAPID 5PENFILL,NOVO (INSULIN),Injections-Ampules-Vials
11,1,304.2,338,33.8,33.8,2026-03-10,ACTRAPID 5PENFILL,NOVO (INSULIN),Injections-Ampules-Vials
11,1,304.2,338,33.8,33.8,2026-03-12,ACTRAPID 5PENFILL,NOVO (INSULIN),Injections-Ampules-Vials
11,1,304.2,338,33.8,33.8,2026-03-13,ACTRAPID 5PENFILL,NOVO (INSULIN),Injections-Ampules-Vials
11,1,304.2,338,33.8,33.8,2026-03-15,ACTRAPID 5PENFILL,NOVO (INSULIN),Injections-Ampules-Vials
11,1,304.2,338,33.8,33.8,2026-03-16,ACTRAPID 5PENFILL,NOVO (INSULIN),Injections-Ampules-Vials
11,1,304.2,338,33.8,33.8,2026-03-17,ACTRAPID 5PENFILL,NOVO (INSULIN),Injections-Ampules-Vials
11,1,304.2,338,33.8,33.8,2026-03-18,ACTRAPID 5PENFILL,NOVO (INSULIN),Injections-Ampules-Vials
11,1,304.2,338,33.8,33.8,2026-03-19,ACTRAPID 5PENFILL,NOVO (INSULIN),Injections-Ampules-Vials
11,1,304.2,338,33.8,33.8,2026-03-20,ACTRAPID 5PENFILL,NOVO (INSULIN),Injections-Ampules-Vials
12,1,57.38,25.5,-31.88,-31.88,2025-12-22,ADENOSIN FORTE 3AMP,Pharmaoverseas,Injections-Ampules-Vials
12,1,57.38,25.5,-31.88,-31.88,2025-12-23,ADENOSIN FORTE 3AMP,Pharmaoverseas,Injections-Ampules-Vials
12,1,57.38,25.5,-31.88,-31.88,2025-12-24,ADENOSIN FORTE 3AMP,Pharmaoverseas,Injections-Ampules-Vials
12,1,57.38,25.5,-31.88,-31.88,2025-12-25,ADENOSIN FORTE 3AMP,Pharmaoverseas,Injections-Ampules-Vials
12,1,57.38,25.5,-31.88,-31.88,2025-12-26,ADENOSIN FORTE 3AMP,Pharmaoverseas,Injections-Ampules-Vials
12,1,57.38,25.5,-31.88,-31.88,2025-12-30,ADENOSIN FORTE 3AMP,Pharmaoverseas,Injections-Ampules-Vials
12,1,57.38,25.5,-31.88,-31.88,2026-01-01,ADENOSIN FORTE 3AMP,Pharmaoverseas,Injections-Ampules-Vials
12,1,57.38,25.5,-31.88,-31.88,2026-01-02,ADENOSIN FORTE 3AMP,Pharmaoverseas,Injections-Ampules-Vials
12,1,57.38,25.5,-31.88,-31.88,2026-01-05,ADENOSIN FORTE 3AMP,Pharmaoverseas,Injections-Ampules-Vials
12,1,57.38,25.5,-31.88,-31.88,2026-01-06,ADENOSIN FORTE 3AMP,Pharmaoverseas,Injections-Ampules-Vials
12,1,57.38,25.5,-31.88,-31.88,2026-01-07,ADENOSIN FORTE 3AMP,Pharmaoverseas,Injections-Ampules-Vials
12,1,57.38,25.5,-31.88,-31.88,2026-01-09,ADENOSIN FORTE 3AMP,Pharmaoverseas,Injections-Ampules-Vials
12,1,57.38,25.5,-31.88,-31.88,2026-01-11,ADENOSIN FORTE 3AMP,Pharmaoverseas,Injections-Ampules-Vials
12,1,57.38,25.5,-31.88,-31.88,2026-01-12,ADENOSIN FORTE 3AMP,Pharmaoverseas,Injections-Ampules-Vials
12,1,57.38,25.5,-31.88,-31.88,2026-01-13,ADENOSIN FORTE 3AMP,Pharmaoverseas,Injections-Ampules-Vials
12,1,57.38,25.5,-31.88,-31.88,2026-01-14,ADENOSIN FORTE 3AMP,Pharmaoverseas,Injections-Ampules-Vials
12,1,57.38,25.5,-31.88,-31.88,2026-01-16,ADENOSIN FORTE 3AMP,Pharmaoverseas,Injections-Ampules-Vials
12,1,57.38,25.5,-31.88,-31.88,2026-01-18,ADENOSIN FORTE 3AMP,Pharmaoverseas,Injections-Ampules-Vials
12,1,57.38,25.5,-31.88,-31.88,2026-01-19,ADENOSIN FORTE 3AMP,Pharmaoverseas,Injections-Ampules-Vials
12,1,57.38,25.5,-31.88,-31.88,2026-01-20,ADENOSIN FORTE 3AMP,Pharmaoverseas,Injections-Ampules-Vials
12,1,57.38,25.5,-31.88,-31.88,2026-01-21,ADENOSIN FORTE 3AMP,Pharmaoverseas,Injections-Ampules-Vials
12,1,57.38,25.5,-31.88,-31.88,2026-01-22,ADENOSIN FORTE 3AMP,Pharmaoverseas,Injections-Ampules-Vials
12,1,57.38,25.5,-31.88,-31.88,2026-01-23,ADENOSIN FORTE 3AMP,Pharmaoverseas,Injections-Ampules-Vials
12,1,57.38,25.5,-31.88,-31.88,2026-01-25,ADENOSIN FORTE 3AMP,Pharmaoverseas,Injections-Ampules-Vials
12,1,57.38,25.5,-31.88,-31.88,2026-01-26,ADENOSIN FORTE 3AMP,Pharmaoverseas,Injections-Ampules-Vials
12,1,57.38,25.5,-31.88,-31.88,2026-01-27,ADENOSIN FORTE 3AMP,Pharmaoverseas,Injections-Ampules-Vials
12,1,57.38,25.5,-31.88,-31.88,2026-01-28,ADENOSIN FORTE 3AMP,Pharmaoverseas,Injections-Ampules-Vials
12,1,57.38,25.5,-31.88,-31.88,2026-01-29,ADENOSIN FORTE 3AMP,Pharmaoverseas,Injections-Ampules-Vials
12,1,57.38,25.5,-31.88,-31.88,2026-01-30,ADENOSIN FORTE 3AMP,Pharmaoverseas,Injections-Ampules-Vials
12,1,57.38,25.5,-31.88,-31.88,2026-01-31,ADENOSIN FORTE 3AMP,Pharmaoverseas,Injections-Ampules-Vials
12,1,57.38,25.5,-31.88,-31.88,2026-02-02,ADENOSIN FORTE 3AMP,Pharmaoverseas,Injections-Ampules-Vials
12,1,57.38,25.5,-31.88,-31.88,2026-02-03,ADENOSIN FORTE 3AMP,Pharmaoverseas,Injections-Ampules-Vials
12,1,57.38,25.5,-31.88,-31.88,2026-02-04,ADENOSIN FORTE 3AMP,Pharmaoverseas,Injections-Ampules-Vials
12,1,57.38,25.5,-31.88,-31.88,2026-02-05,ADENOSIN FORTE 3AMP,Pharmaoverseas,Injections-Ampules-Vials
12,1,57.38,25.5,-31.88,-31.88,2026-02-06,ADENOSIN FORTE 3AMP,Pharmaoverseas,Injections-Ampules-Vials
12,1,57.38,25.5,-31.88,-31.88,2026-02-07,ADENOSIN FORTE 3AMP,Pharmaoverseas,Injections-Ampules-Vials
12,1,57.38,25.5,-31.88,-31.88,2026-02-08,ADENOSIN FORTE 3AMP,Pharmaoverseas,Injections-Ampules-Vials
12,1,57.38,25.5,-31.88,-31.88,2026-02-09,ADENOSIN FORTE 3AMP,Pharmaoverseas,Injections-Ampules-Vials
12,1,57.38,25.5,-31.88,-31.88,2026-02-10,ADENOSIN FORTE 3AMP,Pharmaoverseas,Injections-Ampules-Vials
12,1,57.38,25.5,-31.88,-31.88,2026-02-11,ADENOSIN FORTE 3AMP,Pharmaoverseas,Injections-Ampules-Vials
12,1,57.38,25.5,-31.88,-31.88,2026-02-12,ADENOSIN FORTE 3AMP,Pharmaoverseas,Injections-Ampules-Vials
12,1,57.38,25.5,-31.88,-31.88,2026-02-13,ADENOSIN FORTE 3AMP,Pharmaoverseas,Injections-Ampules-Vials
12,1,57.38,25.5,-31.88,-31.88,2026-02-14,ADENOSIN FORTE 3AMP,Pharmaoverseas,Injections-Ampules-Vials
12,1,57.38,25.5,-31.88,-31.88,2026-02-16,ADENOSIN FORTE 3AMP,Pharmaoverseas,Injections-Ampules-Vials
12,1,57.38,25.5,-31.88,-31.88,2026-02-17,ADENOSIN FORTE 3AMP,Pharmaoverseas,Injections-Ampules-Vials
12,1,57.38,25.5,-31.88,-31.88,2026-02-18,ADENOSIN FORTE 3AMP,Pharmaoverseas,Injections-Ampules-Vials
12,1,57.38,25.5,-31.88,-31.88,2026-02-19,ADENOSIN FORTE 3AMP,Pharmaoverseas,Injections-Ampules-Vials
12,1,57.38,25.5,-31.88,-31.88,2026-02-20,ADENOSIN FORTE 3AMP,Pharmaoverseas,Injections-Ampules-Vials
12,1,57.38,25.5,-31.88,-31.88,2026-02-21,ADENOSIN FORTE 3AMP,Pharmaoverseas,Injections-Ampules-Vials
12,1,57.38,25.5,-31.88,-31.88,2026-02-22,ADENOSIN FORTE 3AMP,Pharmaoverseas,Injections-Ampules-Vials
12,1,57.38,25.5,-31.88,-31.88,2026-02-23,ADENOSIN FORTE 3AMP,Pharmaoverseas,Injections-Ampules-Vials
12,1,57.38,25.5,-31.88,-31.88,2026-02-24,ADENOSIN FORTE 3AMP,Pharmaoverseas,Injections-Ampules-Vials
12,1,57.38,25.5,-31.88,-31.88,2026-02-25,ADENOSIN FORTE 3AMP,Pharmaoverseas,Injections-Ampules-Vials
12,1,57.38,25.5,-31.88,-31.88,2026-02-26,ADENOSIN FORTE 3AMP,Pharmaoverseas,Injections-Ampules-Vials
12,1,57.38,25.5,-31.88,-31.88,2026-02-27,ADENOSIN FORTE 3AMP,Pharmaoverseas,Injections-Ampules-Vials
12,1,57.38,25.5,-31.88,-31.88,2026-03-01,ADENOSIN FORTE 3AMP,Pharmaoverseas,Injections-Ampules-Vials
12,1,57.38,25.5,-31.88,-31.88,2026-03-02,ADENOSIN FORTE 3AMP,Pharmaoverseas,Injections-Ampules-Vials
12,2,57.38,25.5,-31.88,-63.76,2026-03-03,ADENOSIN FORTE 3AMP,Pharmaoverseas,Injections-Ampules-Vials
12,1,57.38,25.5,-31.88,-31.88,2026-03-04,ADENOSIN FORTE 3AMP,Pharmaoverseas,Injections-Ampules-Vials
12,2,57.38,25.5,-31.88,-63.76,2026-03-05,ADENOSIN FORTE 3AMP,Pharmaoverseas,Injections-Ampules-Vials
12,1,57.38,25.5,-31.88,-31.88,2026-03-06,ADENOSIN FORTE 3AMP,Pharmaoverseas,Injections-Ampules-Vials
12,1,57.38,25.5,-31.88,-31.88,2026-03-09,ADENOSIN FORTE 3AMP,Pharmaoverseas,Injections-Ampules-Vials
12,1,57.38,25.5,-31.88,-31.88,2026-03-10,ADENOSIN FORTE 3AMP,Pharmaoverseas,Injections-Ampules-Vials
12,1,57.38,25.5,-31.88,-31.88,2026-03-11,ADENOSIN FORTE 3AMP,Pharmaoverseas,Injections-Ampules-Vials
12,1,57.38,25.5,-31.88,-31.88,2026-03-12,ADENOSIN FORTE 3AMP,Pharmaoverseas,Injections-Ampules-Vials
12,1,57.38,25.5,-31.88,-31.88,2026-03-13,ADENOSIN FORTE 3AMP,Pharmaoverseas,Injections-Ampules-Vials
12,1,57.38,25.5,-31.88,-31.88,2026-03-14,ADENOSIN FORTE 3AMP,Pharmaoverseas,Injections-Ampules-Vials
12,1,57.38,25.5,-31.88,-31.88,2026-03-16,ADENOSIN FORTE 3AMP,Pharmaoverseas,Injections-Ampules-Vials
12,1,57.38,25.5,-31.88,-31.88,2026-03-17,ADENOSIN FORTE 3AMP,Pharmaoverseas,Injections-Ampules-Vials
12,1,57.38,25.5,-31.88,-31.88,2026-03-18,ADENOSIN FORTE 3AMP,Pharmaoverseas,Injections-Ampules-Vials
12,1,57.38,25.5,-31.88,-31.88,2026-03-19,ADENOSIN FORTE 3AMP,Pharmaoverseas,Injections-Ampules-Vials
12,2,57.38,25.5,-31.88,-63.76,2026-03-20,ADENOSIN FORTE 3AMP,Pharmaoverseas,Injections-Ampules-Vials
12,1,57.38,25.5,-31.88,-31.88,2026-03-21,ADENOSIN FORTE 3AMP,Pharmaoverseas,Injections-Ampules-Vials
13,3,36.0,32,-4.0,-12.0,2025-12-22,ADOL 500MG 24TAB,IBN SINA,TABLETS + CAPSULES
13,3,36.0,32,-4.0,-12.0,2025-12-23,ADOL 500MG 24TAB,IBN SINA,TABLETS + CAPSULES
13,3,36.0,32,-4.0,-12.0,2025-12-24,ADOL 500MG 24TAB,IBN SINA,TABLETS + CAPSULES
13,4,36.0,32,-4.0,-16.0,2025-12-25,ADOL 500MG 24TAB,IBN SINA,TABLETS + CAPSULES
13,4,36.0,32,-4.0,-16.0,2025-12-26,ADOL 500MG 24TAB,IBN SINA,TABLETS + CAPSULES
13,2,36.0,32,-4.0,-8.0,2025-12-27,ADOL 500MG 24TAB,IBN SINA,TABLETS + CAPSULES
13,2,36.0,32,-4.0,-8.0,2025-12-28,ADOL 500MG 24TAB,IBN SINA,TABLETS + CAPSULES
13,4,36.0,32,-4.0,-16.0,2025-12-29,ADOL 500MG 24TAB,IBN SINA,TABLETS + CAPSULES
13,2,36.0,32,-4.0,-8.0,2025-12-30,ADOL 500MG 24TAB,IBN SINA,TABLETS + CAPSULES
13,3,36.0,32,-4.0,-12.0,2025-12-31,ADOL 500MG 24TAB,IBN SINA,TABLETS + CAPSULES
13,4,36.0,32,-4.0,-16.0,2026-01-01,ADOL 500MG 24TAB,IBN SINA,TABLETS + CAPSULES
13,3,36.0,32,-4.0,-12.0,2026-01-02,ADOL 500MG 24TAB,IBN SINA,TABLETS + CAPSULES
13,2,36.0,32,-4.0,-8.0,2026-01-03,ADOL 500MG 24TAB,IBN SINA,TABLETS + CAPSULES
13,2,36.0,32,-4.0,-8.0,2026-01-04,ADOL 500MG 24TAB,IBN SINA,TABLETS + CAPSULES
13,3,36.0,32,-4.0,-12.0,2026-01-05,ADOL 500MG 24TAB,IBN SINA,TABLETS + CAPSULES
13,4,36.0,32,-4.0,-16.0,2026-01-06,ADOL 500MG 24TAB,IBN SINA,TABLETS + CAPSULES
13,3,36.0,32,-4.0,-12.0,2026-01-07,ADOL 500MG 24TAB,IBN SINA,TABLETS + CAPSULES
13,3,36.0,32,-4.0,-12.0,2026-01-08,ADOL 500MG 24TAB,IBN SINA,TABLETS + CAPSULES
13,3,36.0,32,-4.0,-12.0,2026-01-09,ADOL 500MG 24TAB,IBN SINA,TABLETS + CAPSULES
13,2,36.0,32,-4.0,-8.0,2026-01-10,ADOL 500MG 24TAB,IBN SINA,TABLETS + CAPSULES
13,2,36.0,32,-4.0,-8.0,2026-01-11,ADOL 500MG 24TAB,IBN SINA,TABLETS + CAPSULES
13,2,36.0,32,-4.0,-8.0,2026-01-12,ADOL 500MG 24TAB,IBN SINA,TABLETS + CAPSULES
13,2,36.0,32,-4.0,-8.0,2026-01-13,ADOL 500MG 24TAB,IBN SINA,TABLETS + CAPSULES
13,3,36.0,32,-4.0,-12.0,2026-01-14,ADOL 500MG 24TAB,IBN SINA,TABLETS + CAPSULES
13,4,36.0,32,-4.0,-16.0,2026-01-15,ADOL 500MG 24TAB,IBN SINA,TABLETS + CAPSULES
13,3,36.0,32,-4.0,-12.0,2026-01-16,ADOL 500MG 24TAB,IBN SINA,TABLETS + CAPSULES
13,2,36.0,32,-4.0,-8.0,2026-01-17,ADOL 500MG 24TAB,IBN SINA,TABLETS + CAPSULES
13,3,36.0,32,-4.0,-12.0,2026-01-18,ADOL 500MG 24TAB,IBN SINA,TABLETS + CAPSULES
13,3,36.0,32,-4.0,-12.0,2026-01-19,ADOL 500MG 24TAB,IBN SINA,TABLETS + CAPSULES
13,1,36.0,32,-4.0,-4.0,2026-01-20,ADOL 500MG 24TAB,IBN SINA,TABLETS + CAPSULES
13,2,36.0,32,-4.0,-8.0,2026-01-21,ADOL 500MG 24TAB,IBN SINA,TABLETS + CAPSULES
13,4,36.0,32,-4.0,-16.0,2026-01-22,ADOL 500MG 24TAB,IBN SINA,TABLETS + CAPSULES
13,3,36.0,32,-4.0,-12.0,2026-01-23,ADOL 500MG 24TAB,IBN SINA,TABLETS + CAPSULES
13,1,36.0,32,-4.0,-4.0,2026-01-24,ADOL 500MG 24TAB,IBN SINA,TABLETS + CAPSULES
13,2,36.0,32,-4.0,-8.0,2026-01-25,ADOL 500MG 24TAB,IBN SINA,TABLETS + CAPSULES
13,2,36.0,32,-4.0,-8.0,2026-01-26,ADOL 500MG 24TAB,IBN SINA,TABLETS + CAPSULES
13,3,36.0,32,-4.0,-12.0,2026-01-27,ADOL 500MG 24TAB,IBN SINA,TABLETS + CAPSULES
13,4,36.0,32,-4.0,-16.0,2026-01-28,ADOL 500MG 24TAB,IBN SINA,TABLETS + CAPSULES
13,2,36.0,32,-4.0,-8.0,2026-01-29,ADOL 500MG 24TAB,IBN SINA,TABLETS + CAPSULES
13,2,36.0,32,-4.0,-8.0,2026-01-30,ADOL 500MG 24TAB,IBN SINA,TABLETS + CAPSULES
13,1,36.0,32,-4.0,-4.0,2026-01-31,ADOL 500MG 24TAB,IBN SINA,TABLETS + CAPSULES
13,2,36.0,32,-4.0,-8.0,2026-02-01,ADOL 500MG 24TAB,IBN SINA,TABLETS + CAPSULES
13,4,36.0,32,-4.0,-16.0,2026-02-02,ADOL 500MG 24TAB,IBN SINA,TABLETS + CAPSULES
13,3,36.0,32,-4.0,-12.0,2026-02-03,ADOL 500MG 24TAB,IBN SINA,TABLETS + CAPSULES
13,3,36.0,32,-4.0,-12.0,2026-02-04,ADOL 500MG 24TAB,IBN SINA,TABLETS + CAPSULES
13,4,36.0,32,-4.0,-16.0,2026-02-05,ADOL 500MG 24TAB,IBN SINA,TABLETS + CAPSULES
13,2,36.0,32,-4.0,-8.0,2026-02-06,ADOL 500MG 24TAB,IBN SINA,TABLETS + CAPSULES
13,2,36.0,32,-4.0,-8.0,2026-02-07,ADOL 500MG 24TAB,IBN SINA,TABLETS + CAPSULES
13,1,36.0,32,-4.0,-4.0,2026-02-08,ADOL 500MG 24TAB,IBN SINA,TABLETS + CAPSULES
13,4,36.0,32,-4.0,-16.0,2026-02-09,ADOL 500MG 24TAB,IBN SINA,TABLETS + CAPSULES
13,3,36.0,32,-4.0,-12.0,2026-02-10,ADOL 500MG 24TAB,IBN SINA,TABLETS + CAPSULES
13,4,36.0,32,-4.0,-16.0,2026-02-11,ADOL 500MG 24TAB,IBN SINA,TABLETS + CAPSULES
13,5,36.0,32,-4.0,-20.0,2026-02-12,ADOL 500MG 24TAB,IBN SINA,TABLETS + CAPSULES
13,1,36.0,32,-4.0,-4.0,2026-02-13,ADOL 500MG 24TAB,IBN SINA,TABLETS + CAPSULES
13,2,36.0,32,-4.0,-8.0,2026-02-14,ADOL 500MG 24TAB,IBN SINA,TABLETS + CAPSULES
13,3,36.0,32,-4.0,-12.0,2026-02-15,ADOL 500MG 24TAB,IBN SINA,TABLETS + CAPSULES
13,3,36.0,32,-4.0,-12.0,2026-02-16,ADOL 500MG 24TAB,IBN SINA,TABLETS + CAPSULES
13,2,36.0,32,-4.0,-8.0,2026-02-17,ADOL 500MG 24TAB,IBN SINA,TABLETS + CAPSULES
13,4,36.0,32,-4.0,-16.0,2026-02-18,ADOL 500MG 24TAB,IBN SINA,TABLETS + CAPSULES
13,4,36.0,32,-4.0,-16.0,2026-02-19,ADOL 500MG 24TAB,IBN SINA,TABLETS + CAPSULES
13,4,36.0,32,-4.0,-16.0,2026-02-20,ADOL 500MG 24TAB,IBN SINA,TABLETS + CAPSULES
13,2,36.0,32,-4.0,-8.0,2026-02-21,ADOL 500MG 24TAB,IBN SINA,TABLETS + CAPSULES
13,2,36.0,32,-4.0,-8.0,2026-02-22,ADOL 500MG 24TAB,IBN SINA,TABLETS + CAPSULES
13,2,36.0,32,-4.0,-8.0,2026-02-23,ADOL 500MG 24TAB,IBN SINA,TABLETS + CAPSULES
13,3,36.0,32,-4.0,-12.0,2026-02-24,ADOL 500MG 24TAB,IBN SINA,TABLETS + CAPSULES
13,3,36.0,32,-4.0,-12.0,2026-02-25,ADOL 500MG 24TAB,IBN SINA,TABLETS + CAPSULES
13,3,36.0,32,-4.0,-12.0,2026-02-26,ADOL 500MG 24TAB,IBN SINA,TABLETS + CAPSULES
13,2,36.0,32,-4.0,-8.0,2026-02-27,ADOL 500MG 24TAB,IBN SINA,TABLETS + CAPSULES
13,3,36.0,32,-4.0,-12.0,2026-02-28,ADOL 500MG 24TAB,IBN SINA,TABLETS + CAPSULES
13,3,36.0,32,-4.0,-12.0,2026-03-01,ADOL 500MG 24TAB,IBN SINA,TABLETS + CAPSULES
13,3,36.0,32,-4.0,-12.0,2026-03-02,ADOL 500MG 24TAB,IBN SINA,TABLETS + CAPSULES
13,4,36.0,32,-4.0,-16.0,2026-03-03,ADOL 500MG 24TAB,IBN SINA,TABLETS + CAPSULES
13,4,36.0,32,-4.0,-16.0,2026-03-04,ADOL 500MG 24TAB,IBN SINA,TABLETS + CAPSULES
13,3,36.0,32,-4.0,-12.0,2026-03-05,ADOL 500MG 24TAB,IBN SINA,TABLETS + CAPSULES
13,4,36.0,32,-4.0,-16.0,2026-03-06,ADOL 500MG 24TAB,IBN SINA,TABLETS + CAPSULES
13,2,36.0,32,-4.0,-8.0,2026-03-07,ADOL 500MG 24TAB,IBN SINA,TABLETS + CAPSULES
13,2,36.0,32,-4.0,-8.0,2026-03-08,ADOL 500MG 24TAB,IBN SINA,TABLETS + CAPSULES
13,2,36.0,32,-4.0,-8.0,2026-03-09,ADOL 500MG 24TAB,IBN SINA,TABLETS + CAPSULES
13,3,36.0,32,-4.0,-12.0,2026-03-10,ADOL 500MG 24TAB,IBN SINA,TABLETS + CAPSULES
13,5,36.0,32,-4.0,-20.0,2026-03-11,ADOL 500MG 24TAB,IBN SINA,TABLETS + CAPSULES
13,5,36.0,32,-4.0,-20.0,2026-03-12,ADOL 500MG 24TAB,IBN SINA,TABLETS + CAPSULES
13,3,36.0,32,-4.0,-12.0,2026-03-13,ADOL 500MG 24TAB,IBN SINA,TABLETS + CAPSULES
13,3,36.0,32,-4.0,-12.0,2026-03-14,ADOL 500MG 24TAB,IBN SINA,TABLETS + CAPSULES
13,2,36.0,32,-4.0,-8.0,2026-03-15,ADOL 500MG 24TAB,IBN SINA,TABLETS + CAPSULES
13,4,36.0,32,-4.0,-16.0,2026-03-16,ADOL 500MG 24TAB,IBN SINA,TABLETS + CAPSULES
13,3,36.0,32,-4.0,-12.0,2026-03-17,ADOL 500MG 24TAB,IBN SINA,TABLETS + CAPSULES
13,4,36.0,32,-4.0,-16.0,2026-03-18,ADOL 500MG 24TAB,IBN SINA,TABLETS + CAPSULES
13,4,36.0,32,-4.0,-16.0,2026-03-19,ADOL 500MG 24TAB,IBN SINA,TABLETS + CAPSULES
13,2,36.0,32,-4.0,-8.0,2026-03-20,ADOL 500MG 24TAB,IBN SINA,TABLETS + CAPSULES
13,2,36.0,32,-4.0,-8.0,2026-03-21,ADOL 500MG 24TAB,IBN SINA,TABLETS + CAPSULES
14,1,54.0,36,-18.0,-18.0,2025-12-22,ADOLOR 30ML 3AMP,UCP,Injections-Ampules-Vials
14,1,54.0,36,-18.0,-18.0,2025-12-23,ADOLOR 30ML 3AMP,UCP,Injections-Ampules-Vials
14,1,54.0,36,-18.0,-18.0,2025-12-24,ADOLOR 30ML 3AMP,UCP,Injections-Ampules-Vials
14,1,54.0,36,-18.0,-18.0,2025-12-26,ADOLOR 30ML 3AMP,UCP,Injections-Ampules-Vials
14,1,54.0,36,-18.0,-18.0,2025-12-29,ADOLOR 30ML 3AMP,UCP,Injections-Ampules-Vials
14,1,54.0,36,-18.0,-18.0,2026-01-01,ADOLOR 30ML 3AMP,UCP,Injections-Ampules-Vials
14,1,54.0,36,-18.0,-18.0,2026-01-02,ADOLOR 30ML 3AMP,UCP,Injections-Ampules-Vials
14,1,54.0,36,-18.0,-18.0,2026-01-03,ADOLOR 30ML 3AMP,UCP,Injections-Ampules-Vials
14,1,54.0,36,-18.0,-18.0,2026-01-04,ADOLOR 30ML 3AMP,UCP,Injections-Ampules-Vials
14,1,54.0,36,-18.0,-18.0,2026-01-05,ADOLOR 30ML 3AMP,UCP,Injections-Ampules-Vials
14,1,54.0,36,-18.0,-18.0,2026-01-06,ADOLOR 30ML 3AMP,UCP,Injections-Ampules-Vials
14,1,54.0,36,-18.0,-18.0,2026-01-07,ADOLOR 30ML 3AMP,UCP,Injections-Ampules-Vials
14,1,54.0,36,-18.0,-18.0,2026-01-08,ADOLOR 30ML 3AMP,UCP,Injections-Ampules-Vials
14,1,54.0,36,-18.0,-18.0,2026-01-09,ADOLOR 30ML 3AMP,UCP,Injections-Ampules-Vials
14,1,54.0,36,-18.0,-18.0,2026-01-11,ADOLOR 30ML 3AMP,UCP,Injections-Ampules-Vials
14,1,54.0,36,-18.0,-18.0,2026-01-12,ADOLOR 30ML 3AMP,UCP,Injections-Ampules-Vials
14,1,54.0,36,-18.0,-18.0,2026-01-15,ADOLOR 30ML 3AMP,UCP,Injections-Ampules-Vials
14,1,54.0,36,-18.0,-18.0,2026-01-16,ADOLOR 30ML 3AMP,UCP,Injections-Ampules-Vials
14,1,54.0,36,-18.0,-18.0,2026-01-17,ADOLOR 30ML 3AMP,UCP,Injections-Ampules-Vials
14,1,54.0,36,-18.0,-18.0,2026-01-19,ADOLOR 30ML 3AMP,UCP,Injections-Ampules-Vials
14,1,54.0,36,-18.0,-18.0,2026-01-21,ADOLOR 30ML 3AMP,UCP,Injections-Ampules-Vials
14,1,54.0,36,-18.0,-18.0,2026-01-22,ADOLOR 30ML 3AMP,UCP,Injections-Ampules-Vials
14,1,54.0,36,-18.0,-18.0,2026-01-23,ADOLOR 30ML 3AMP,UCP,Injections-Ampules-Vials
14,1,54.0,36,-18.0,-18.0,2026-01-27,ADOLOR 30ML 3AMP,UCP,Injections-Ampules-Vials
14,1,54.0,36,-18.0,-18.0,2026-01-29,ADOLOR 30ML 3AMP,UCP,Injections-Ampules-Vials
14,1,54.0,36,-18.0,-18.0,2026-01-30,ADOLOR 30ML 3AMP,UCP,Injections-Ampules-Vials
14,1,54.0,36,-18.0,-18.0,2026-02-02,ADOLOR 30ML 3AMP,UCP,Injections-Ampules-Vials
14,1,54.0,36,-18.0,-18.0,2026-02-03,ADOLOR 30ML 3AMP,UCP,Injections-Ampules-Vials
14,1,54.0,36,-18.0,-18.0,2026-02-04,ADOLOR 30ML 3AMP,UCP,Injections-Ampules-Vials
14,1,54.0,36,-18.0,-18.0,2026-02-05,ADOLOR 30ML 3AMP,UCP,Injections-Ampules-Vials
14,1,54.0,36,-18.0,-18.0,2026-02-06,ADOLOR 30ML 3AMP,UCP,Injections-Ampules-Vials
14,1,54.0,36,-18.0,-18.0,2026-02-09,ADOLOR 30ML 3AMP,UCP,Injections-Ampules-Vials
14,1,54.0,36,-18.0,-18.0,2026-02-12,ADOLOR 30ML 3AMP,UCP,Injections-Ampules-Vials
14,1,54.0,36,-18.0,-18.0,2026-02-13,ADOLOR 30ML 3AMP,UCP,Injections-Ampules-Vials
14,1,54.0,36,-18.0,-18.0,2026-02-16,ADOLOR 30ML 3AMP,UCP,Injections-Ampules-Vials
14,1,54.0,36,-18.0,-18.0,2026-02-17,ADOLOR 30ML 3AMP,UCP,Injections-Ampules-Vials
14,1,54.0,36,-18.0,-18.0,2026-02-18,ADOLOR 30ML 3AMP,UCP,Injections-Ampules-Vials
14,1,54.0,36,-18.0,-18.0,2026-02-19,ADOLOR 30ML 3AMP,UCP,Injections-Ampules-Vials
14,1,54.0,36,-18.0,-18.0,2026-02-20,ADOLOR 30ML 3AMP,UCP,Injections-Ampules-Vials
14,1,54.0,36,-18.0,-18.0,2026-02-23,ADOLOR 30ML 3AMP,UCP,Injections-Ampules-Vials
14,1,54.0,36,-18.0,-18.0,2026-02-24,ADOLOR 30ML 3AMP,UCP,Injections-Ampules-Vials
14,1,54.0,36,-18.0,-18.0,2026-02-25,ADOLOR 30ML 3AMP,UCP,Injections-Ampules-Vials
14,1,54.0,36,-18.0,-18.0,2026-02-26,ADOLOR 30ML 3AMP,UCP,Injections-Ampules-Vials
14,1,54.0,36,-18.0,-18.0,2026-02-27,ADOLOR 30ML 3AMP,UCP,Injections-Ampules-Vials
14,1,54.0,36,-18.0,-18.0,2026-03-02,ADOLOR 30ML 3AMP,UCP,Injections-Ampules-Vials
14,1,54.0,36,-18.0,-18.0,2026-03-04,ADOLOR 30ML 3AMP,UCP,Injections-Ampules-Vials
14,1,54.0,36,-18.0,-18.0,2026-03-05,ADOLOR 30ML 3AMP,UCP,Injections-Ampules-Vials
14,1,54.0,36,-18.0,-18.0,2026-03-06,ADOLOR 30ML 3AMP,UCP,Injections-Ampules-Vials
14,1,54.0,36,-18.0,-18.0,2026-03-07,ADOLOR 30ML 3AMP,UCP,Injections-Ampules-Vials
14,1,54.0,36,-18.0,-18.0,2026-03-09,ADOLOR 30ML 3AMP,UCP,Injections-Ampules-Vials
14,1,54.0,36,-18.0,-18.0,2026-03-10,ADOLOR 30ML 3AMP,UCP,Injections-Ampules-Vials
14,1,54.0,36,-18.0,-18.0,2026-03-11,ADOLOR 30ML 3AMP,UCP,Injections-Ampules-Vials
14,1,54.0,36,-18.0,-18.0,2026-03-13,ADOLOR 30ML 3AMP,UCP,Injections-Ampules-Vials
14,1,54.0,36,-18.0,-18.0,2026-03-16,ADOLOR 30ML 3AMP,UCP,Injections-Ampules-Vials
14,1,54.0,36,-18.0,-18.0,2026-03-17,ADOLOR 30ML 3AMP,UCP,Injections-Ampules-Vials
14,1,54.0,36,-18.0,-18.0,2026-03-18,ADOLOR 30ML 3AMP,UCP,Injections-Ampules-Vials
14,1,54.0,36,-18.0,-18.0,2026-03-19,ADOLOR 30ML 3AMP,UCP,Injections-Ampules-Vials
14,1,54.0,36,-18.0,-18.0,2026-03-20,ADOLOR 30ML 3AMP,UCP,Injections-Ampules-Vials
16,1,44.0,55,11.0,11.0,2025-12-25,ADWIFLAM GEL,Pharmaoverseas,Oint-Cream-Gel
16,1,44.0,55,11.0,11.0,2025-12-26,ADWIFLAM GEL,Pharmaoverseas,Oint-Cream-Gel
16,1,44.0,55,11.0,11.0,2025-12-30,ADWIFLAM GEL,Pharmaoverseas,Oint-Cream-Gel
16,1,44.0,55,11.0,11.0,2026-01-01,ADWIFLAM GEL,Pharmaoverseas,Oint-Cream-Gel
16,1,44.0,55,11.0,11.0,2026-01-02,ADWIFLAM GEL,Pharmaoverseas,Oint-Cream-Gel
16,1,44.0,55,11.0,11.0,2026-01-06,ADWIFLAM GEL,Pharmaoverseas,Oint-Cream-Gel
16,1,44.0,55,11.0,11.0,2026-01-09,ADWIFLAM GEL,Pharmaoverseas,Oint-Cream-Gel
16,1,44.0,55,11.0,11.0,2026-01-15,ADWIFLAM GEL,Pharmaoverseas,Oint-Cream-Gel
16,1,44.0,55,11.0,11.0,2026-01-16,ADWIFLAM GEL,Pharmaoverseas,Oint-Cream-Gel
16,1,44.0,55,11.0,11.0,2026-01-19,ADWIFLAM GEL,Pharmaoverseas,Oint-Cream-Gel
16,1,44.0,55,11.0,11.0,2026-01-23,ADWIFLAM GEL,Pharmaoverseas,Oint-Cream-Gel
16,1,44.0,55,11.0,11.0,2026-01-25,ADWIFLAM GEL,Pharmaoverseas,Oint-Cream-Gel
16,1,44.0,55,11.0,11.0,2026-01-29,ADWIFLAM GEL,Pharmaoverseas,Oint-Cream-Gel
16,1,44.0,55,11.0,11.0,2026-01-30,ADWIFLAM GEL,Pharmaoverseas,Oint-Cream-Gel
16,1,44.0,55,11.0,11.0,2026-02-03,ADWIFLAM GEL,Pharmaoverseas,Oint-Cream-Gel
16,1,44.0,55,11.0,11.0,2026-02-05,ADWIFLAM GEL,Pharmaoverseas,Oint-Cream-Gel
16,1,44.0,55,11.0,11.0,2026-02-09,ADWIFLAM GEL,Pharmaoverseas,Oint-Cream-Gel
16,1,44.0,55,11.0,11.0,2026-02-10,ADWIFLAM GEL,Pharmaoverseas,Oint-Cream-Gel
16,1,44.0,55,11.0,11.0,2026-02-13,ADWIFLAM GEL,Pharmaoverseas,Oint-Cream-Gel
16,1,44.0,55,11.0,11.0,2026-02-17,ADWIFLAM GEL,Pharmaoverseas,Oint-Cream-Gel
16,1,44.0,55,11.0,11.0,2026-02-23,ADWIFLAM GEL,Pharmaoverseas,Oint-Cream-Gel
16,1,44.0,55,11.0,11.0,2026-02-24,ADWIFLAM GEL,Pharmaoverseas,Oint-Cream-Gel
16,1,44.0,55,11.0,11.0,2026-02-25,ADWIFLAM GEL,Pharmaoverseas,Oint-Cream-Gel
16,1,44.0,55,11.0,11.0,2026-02-26,ADWIFLAM GEL,Pharmaoverseas,Oint-Cream-Gel
16,1,44.0,55,11.0,11.0,2026-03-03,ADWIFLAM GEL,Pharmaoverseas,Oint-Cream-Gel
16,1,44.0,55,11.0,11.0,2026-03-04,ADWIFLAM GEL,Pharmaoverseas,Oint-Cream-Gel
16,1,44.0,55,11.0,11.0,2026-03-05,ADWIFLAM GEL,Pharmaoverseas,Oint-Cream-Gel
16,1,44.0,55,11.0,11.0,2026-03-06,ADWIFLAM GEL,Pharmaoverseas,Oint-Cream-Gel
16,1,44.0,55,11.0,11.0,2026-03-10,ADWIFLAM GEL,Pharmaoverseas,Oint-Cream-Gel
16,1,44.0,55,11.0,11.0,2026-03-13,ADWIFLAM GEL,Pharmaoverseas,Oint-Cream-Gel
16,1,44.0,55,11.0,11.0,2026-03-16,ADWIFLAM GEL,Pharmaoverseas,Oint-Cream-Gel
16,1,44.0,55,11.0,11.0,2026-03-17,ADWIFLAM GEL,Pharmaoverseas,Oint-Cream-Gel
17,3,177.0,118,-59.0,-177.0,2025-12-22,AERIUS 5MG 20TAB,Pharmaoverseas,TABLETS + CAPSULES
17,2,177.0,118,-59.0,-118.0,2025-12-23,AERIUS 5MG 20TAB,Pharmaoverseas,TABLETS + CAPSULES
17,5,177.0,118,-59.0,-295.0,2025-12-24,AERIUS 5MG 20TAB,Pharmaoverseas,TABLETS + CAPSULES
17,7,177.0,118,-59.0,-413.0,2025-12-25,AERIUS 5MG 20TAB,Pharmaoverseas,TABLETS + CAPSULES
17,5,177.0,118,-59.0,-295.0,2025-12-26,AERIUS 5MG 20TAB,Pharmaoverseas,TABLETS + CAPSULES
17,3,177.0,118,-59.0,-177.0,2025-12-27,AERIUS 5MG 20TAB,Pharmaoverseas,TABLETS + CAPSULES
17,3,177.0,118,-59.0,-177.0,2025-12-28,AERIUS 5MG 20TAB,Pharmaoverseas,TABLETS + CAPSULES
17,5,177.0,118,-59.0,-295.0,2025-12-29,AERIUS 5MG 20TAB,Pharmaoverseas,TABLETS + CAPSULES
17,5,177.0,118,-59.0,-295.0,2025-12-30,AERIUS 5MG 20TAB,Pharmaoverseas,TABLETS + CAPSULES
17,4,177.0,118,-59.0,-236.0,2025-12-31,AERIUS 5MG 20TAB,Pharmaoverseas,TABLETS + CAPSULES
17,1,177.0,118,-59.0,-59.0,2026-01-01,AERIUS 5MG 20TAB,Pharmaoverseas,TABLETS + CAPSULES
17,4,177.0,118,-59.0,-236.0,2026-01-02,AERIUS 5MG 20TAB,Pharmaoverseas,TABLETS + CAPSULES
17,3,177.0,118,-59.0,-177.0,2026-01-03,AERIUS 5MG 20TAB,Pharmaoverseas,TABLETS + CAPSULES
17,3,177.0,118,-59.0,-177.0,2026-01-04,AERIUS 5MG 20TAB,Pharmaoverseas,TABLETS + CAPSULES
17,4,177.0,118,-59.0,-236.0,2026-01-05,AERIUS 5MG 20TAB,Pharmaoverseas,TABLETS + CAPSULES
17,2,177.0,118,-59.0,-118.0,2026-01-06,AERIUS 5MG 20TAB,Pharmaoverseas,TABLETS + CAPSULES
17,4,177.0,118,-59.0,-236.0,2026-01-07,AERIUS 5MG 20TAB,Pharmaoverseas,TABLETS + CAPSULES
17,6,177.0,118,-59.0,-354.0,2026-01-08,AERIUS 5MG 20TAB,Pharmaoverseas,TABLETS + CAPSULES
17,4,177.0,118,-59.0,-236.0,2026-01-09,AERIUS 5MG 20TAB,Pharmaoverseas,TABLETS + CAPSULES
17,3,177.0,118,-59.0,-177.0,2026-01-10,AERIUS 5MG 20TAB,Pharmaoverseas,TABLETS + CAPSULES
17,1,177.0,118,-59.0,-59.0,2026-01-11,AERIUS 5MG 20TAB,Pharmaoverseas,TABLETS + CAPSULES
17,6,177.0,118,-59.0,-354.0,2026-01-12,AERIUS 5MG 20TAB,Pharmaoverseas,TABLETS + CAPSULES
17,4,177.0,118,-59.0,-236.0,2026-01-13,AERIUS 5MG 20TAB,Pharmaoverseas,TABLETS + CAPSULES
17,1,177.0,118,-59.0,-59.0,2026-01-14,AERIUS 5MG 20TAB,Pharmaoverseas,TABLETS + CAPSULES
17,3,177.0,118,-59.0,-177.0,2026-01-15,AERIUS 5MG 20TAB,Pharmaoverseas,TABLETS + CAPSULES
17,6,177.0,118,-59.0,-354.0,2026-01-16,AERIUS 5MG 20TAB,Pharmaoverseas,TABLETS + CAPSULES
17,3,177.0,118,-59.0,-177.0,2026-01-17,AERIUS 5MG 20TAB,Pharmaoverseas,TABLETS + CAPSULES
17,1,177.0,118,-59.0,-59.0,2026-01-18,AERIUS 5MG 20TAB,Pharmaoverseas,TABLETS + CAPSULES
17,6,177.0,118,-59.0,-354.0,2026-01-19,AERIUS 5MG 20TAB,Pharmaoverseas,TABLETS + CAPSULES
17,7,177.0,118,-59.0,-413.0,2026-01-20,AERIUS 5MG 20TAB,Pharmaoverseas,TABLETS + CAPSULES
17,4,177.0,118,-59.0,-236.0,2026-01-21,AERIUS 5MG 20TAB,Pharmaoverseas,TABLETS + CAPSULES
17,5,177.0,118,-59.0,-295.0,2026-01-22,AERIUS 5MG 20TAB,Pharmaoverseas,TABLETS + CAPSULES
17,2,177.0,118,-59.0,-118.0,2026-01-23,AERIUS 5MG 20TAB,Pharmaoverseas,TABLETS + CAPSULES
17,3,177.0,118,-59.0,-177.0,2026-01-24,AERIUS 5MG 20TAB,Pharmaoverseas,TABLETS + CAPSULES
17,3,177.0,118,-59.0,-177.0,2026-01-25,AERIUS 5MG 20TAB,Pharmaoverseas,TABLETS + CAPSULES
17,2,177.0,118,-59.0,-118.0,2026-01-26,AERIUS 5MG 20TAB,Pharmaoverseas,TABLETS + CAPSULES
17,6,177.0,118,-59.0,-354.0,2026-01-27,AERIUS 5MG 20TAB,Pharmaoverseas,TABLETS + CAPSULES
17,5,177.0,118,-59.0,-295.0,2026-01-28,AERIUS 5MG 20TAB,Pharmaoverseas,TABLETS + CAPSULES
17,4,177.0,118,-59.0,-236.0,2026-01-29,AERIUS 5MG 20TAB,Pharmaoverseas,TABLETS + CAPSULES
17,3,177.0,118,-59.0,-177.0,2026-01-30,AERIUS 5MG 20TAB,Pharmaoverseas,TABLETS + CAPSULES
17,3,177.0,118,-59.0,-177.0,2026-01-31,AERIUS 5MG 20TAB,Pharmaoverseas,TABLETS + CAPSULES
17,4,177.0,118,-59.0,-236.0,2026-02-01,AERIUS 5MG 20TAB,Pharmaoverseas,TABLETS + CAPSULES
17,5,177.0,118,-59.0,-295.0,2026-02-02,AERIUS 5MG 20TAB,Pharmaoverseas,TABLETS + CAPSULES
17,4,177.0,118,-59.0,-236.0,2026-02-03,AERIUS 5MG 20TAB,Pharmaoverseas,TABLETS + CAPSULES
17,4,177.0,118,-59.0,-236.0,2026-02-04,AERIUS 5MG 20TAB,Pharmaoverseas,TABLETS + CAPSULES
17,7,177.0,118,-59.0,-413.0,2026-02-05,AERIUS 5MG 20TAB,Pharmaoverseas,TABLETS + CAPSULES
17,4,177.0,118,-59.0,-236.0,2026-02-06,AERIUS 5MG 20TAB,Pharmaoverseas,TABLETS + CAPSULES
17,2,177.0,118,-59.0,-118.0,2026-02-07,AERIUS 5MG 20TAB,Pharmaoverseas,TABLETS + CAPSULES
17,3,177.0,118,-59.0,-177.0,2026-02-08,AERIUS 5MG 20TAB,Pharmaoverseas,TABLETS + CAPSULES
17,7,177.0,118,-59.0,-413.0,2026-02-09,AERIUS 5MG 20TAB,Pharmaoverseas,TABLETS + CAPSULES
17,6,177.0,118,-59.0,-354.0,2026-02-10,AERIUS 5MG 20TAB,Pharmaoverseas,TABLETS + CAPSULES
17,7,177.0,118,-59.0,-413.0,2026-02-11,AERIUS 5MG 20TAB,Pharmaoverseas,TABLETS + CAPSULES
17,5,177.0,118,-59.0,-295.0,2026-02-12,AERIUS 5MG 20TAB,Pharmaoverseas,TABLETS + CAPSULES
17,4,177.0,118,-59.0,-236.0,2026-02-13,AERIUS 5MG 20TAB,Pharmaoverseas,TABLETS + CAPSULES
17,2,177.0,118,-59.0,-118.0,2026-02-14,AERIUS 5MG 20TAB,Pharmaoverseas,TABLETS + CAPSULES
17,2,177.0,118,-59.0,-118.0,2026-02-15,AERIUS 5MG 20TAB,Pharmaoverseas,TABLETS + CAPSULES
17,2,177.0,118,-59.0,-118.0,2026-02-16,AERIUS 5MG 20TAB,Pharmaoverseas,TABLETS + CAPSULES
17,4,177.0,118,-59.0,-236.0,2026-02-17,AERIUS 5MG 20TAB,Pharmaoverseas,TABLETS + CAPSULES
17,6,177.0,118,-59.0,-354.0,2026-02-18,AERIUS 5MG 20TAB,Pharmaoverseas,TABLETS + CAPSULES
17,3,177.0,118,-59.0,-177.0,2026-02-19,AERIUS 5MG 20TAB,Pharmaoverseas,TABLETS + CAPSULES
17,4,177.0,118,-59.0,-236.0,2026-02-20,AERIUS 5MG 20TAB,Pharmaoverseas,TABLETS + CAPSULES
17,4,177.0,118,-59.0,-236.0,2026-02-21,AERIUS 5MG 20TAB,Pharmaoverseas,TABLETS + CAPSULES
17,2,177.0,118,-59.0,-118.0,2026-02-22,AERIUS 5MG 20TAB,Pharmaoverseas,TABLETS + CAPSULES
17,5,177.0,118,-59.0,-295.0,2026-02-23,AERIUS 5MG 20TAB,Pharmaoverseas,TABLETS + CAPSULES
17,4,177.0,118,-59.0,-236.0,2026-02-24,AERIUS 5MG 20TAB,Pharmaoverseas,TABLETS + CAPSULES
17,6,177.0,118,-59.0,-354.0,2026-02-25,AERIUS 5MG 20TAB,Pharmaoverseas,TABLETS + CAPSULES
17,10,177.0,118,-59.0,-590.0,2026-02-26,AERIUS 5MG 20TAB,Pharmaoverseas,TABLETS + CAPSULES
17,5,177.0,118,-59.0,-295.0,2026-02-27,AERIUS 5MG 20TAB,Pharmaoverseas,TABLETS + CAPSULES
17,2,177.0,118,-59.0,-118.0,2026-02-28,AERIUS 5MG 20TAB,Pharmaoverseas,TABLETS + CAPSULES
17,2,177.0,118,-59.0,-118.0,2026-03-01,AERIUS 5MG 20TAB,Pharmaoverseas,TABLETS + CAPSULES
17,3,177.0,118,-59.0,-177.0,2026-03-02,AERIUS 5MG 20TAB,Pharmaoverseas,TABLETS + CAPSULES
17,2,177.0,118,-59.0,-118.0,2026-03-03,AERIUS 5MG 20TAB,Pharmaoverseas,TABLETS + CAPSULES
17,5,177.0,118,-59.0,-295.0,2026-03-04,AERIUS 5MG 20TAB,Pharmaoverseas,TABLETS + CAPSULES
17,6,177.0,118,-59.0,-354.0,2026-03-05,AERIUS 5MG 20TAB,Pharmaoverseas,TABLETS + CAPSULES
17,5,177.0,118,-59.0,-295.0,2026-03-06,AERIUS 5MG 20TAB,Pharmaoverseas,TABLETS + CAPSULES
17,1,177.0,118,-59.0,-59.0,2026-03-07,AERIUS 5MG 20TAB,Pharmaoverseas,TABLETS + CAPSULES
17,2,177.0,118,-59.0,-118.0,2026-03-08,AERIUS 5MG 20TAB,Pharmaoverseas,TABLETS + CAPSULES
17,3,177.0,118,-59.0,-177.0,2026-03-09,AERIUS 5MG 20TAB,Pharmaoverseas,TABLETS + CAPSULES
17,5,177.0,118,-59.0,-295.0,2026-03-10,AERIUS 5MG 20TAB,Pharmaoverseas,TABLETS + CAPSULES
17,6,177.0,118,-59.0,-354.0,2026-03-11,AERIUS 5MG 20TAB,Pharmaoverseas,TABLETS + CAPSULES
17,1,177.0,118,-59.0,-59.0,2026-03-12,AERIUS 5MG 20TAB,Pharmaoverseas,TABLETS + CAPSULES
17,2,177.0,118,-59.0,-118.0,2026-03-13,AERIUS 5MG 20TAB,Pharmaoverseas,TABLETS + CAPSULES
17,3,177.0,118,-59.0,-177.0,2026-03-14,AERIUS 5MG 20TAB,Pharmaoverseas,TABLETS + CAPSULES
17,2,177.0,118,-59.0,-118.0,2026-03-15,AERIUS 5MG 20TAB,Pharmaoverseas,TABLETS + CAPSULES
17,2,177.0,118,-59.0,-118.0,2026-03-16,AERIUS 5MG 20TAB,Pharmaoverseas,TABLETS + CAPSULES
17,4,177.0,118,-59.0,-236.0,2026-03-17,AERIUS 5MG 20TAB,Pharmaoverseas,TABLETS + CAPSULES
17,5,177.0,118,-59.0,-295.0,2026-03-18,AERIUS 5MG 20TAB,Pharmaoverseas,TABLETS + CAPSULES
17,5,177.0,118,-59.0,-295.0,2026-03-19,AERIUS 5MG 20TAB,Pharmaoverseas,TABLETS + CAPSULES
17,7,177.0,118,-59.0,-413.0,2026-03-20,AERIUS 5MG 20TAB,Pharmaoverseas,TABLETS + CAPSULES
17,2,177.0,118,-59.0,-118.0,2026-03-21,AERIUS 5MG 20TAB,Pharmaoverseas,TABLETS + CAPSULES
18,3,57.38,27,-30.38,-91.14,2025-12-22,AGGREX 75 MG 60 TAB.,RAMIDA,TABLETS + CAPSULES
18,2,57.38,27,-30.38,-60.76,2025-12-23,AGGREX 75 MG 60 TAB.,RAMIDA,TABLETS + CAPSULES
18,3,57.38,27,-30.38,-91.14,2025-12-24,AGGREX 75 MG 60 TAB.,RAMIDA,TABLETS + CAPSULES
18,2,57.38,27,-30.38,-60.76,2025-12-25,AGGREX 75 MG 60 TAB.,RAMIDA,TABLETS + CAPSULES
18,1,57.38,27,-30.38,-30.38,2025-12-26,AGGREX 75 MG 60 TAB.,RAMIDA,TABLETS + CAPSULES
18,2,57.38,27,-30.38,-60.76,2025-12-27,AGGREX 75 MG 60 TAB.,RAMIDA,TABLETS + CAPSULES
18,2,57.38,27,-30.38,-60.76,2025-12-28,AGGREX 75 MG 60 TAB.,RAMIDA,TABLETS + CAPSULES
18,2,57.38,27,-30.38,-60.76,2025-12-29,AGGREX 75 MG 60 TAB.,RAMIDA,TABLETS + CAPSULES
18,2,57.38,27,-30.38,-60.76,2025-12-30,AGGREX 75 MG 60 TAB.,RAMIDA,TABLETS + CAPSULES
18,3,57.38,27,-30.38,-91.14,2025-12-31,AGGREX 75 MG 60 TAB.,RAMIDA,TABLETS + CAPSULES
18,1,57.38,27,-30.38,-30.38,2026-01-01,AGGREX 75 MG 60 TAB.,RAMIDA,TABLETS + CAPSULES
18,4,57.38,27,-30.38,-121.52,2026-01-02,AGGREX 75 MG 60 TAB.,RAMIDA,TABLETS + CAPSULES
18,2,57.38,27,-30.38,-60.76,2026-01-03,AGGREX 75 MG 60 TAB.,RAMIDA,TABLETS + CAPSULES
18,1,57.38,27,-30.38,-30.38,2026-01-04,AGGREX 75 MG 60 TAB.,RAMIDA,TABLETS + CAPSULES
18,1,57.38,27,-30.38,-30.38,2026-01-05,AGGREX 75 MG 60 TAB.,RAMIDA,TABLETS + CAPSULES
18,2,57.38,27,-30.38,-60.76,2026-01-06,AGGREX 75 MG 60 TAB.,RAMIDA,TABLETS + CAPSULES
18,2,57.38,27,-30.38,-60.76,2026-01-07,AGGREX 75 MG 60 TAB.,RAMIDA,TABLETS + CAPSULES
18,2,57.38,27,-30.38,-60.76,2026-01-08,AGGREX 75 MG 60 TAB.,RAMIDA,TABLETS + CAPSULES
18,2,57.38,27,-30.38,-60.76,2026-01-09,AGGREX 75 MG 60 TAB.,RAMIDA,TABLETS + CAPSULES
18,1,57.38,27,-30.38,-30.38,2026-01-10,AGGREX 75 MG 60 TAB.,RAMIDA,TABLETS + CAPSULES
18,2,57.38,27,-30.38,-60.76,2026-01-11,AGGREX 75 MG 60 TAB.,RAMIDA,TABLETS + CAPSULES
18,2,57.38,27,-30.38,-60.76,2026-01-12,AGGREX 75 MG 60 TAB.,RAMIDA,TABLETS + CAPSULES
18,2,57.38,27,-30.38,-60.76,2026-01-13,AGGREX 75 MG 60 TAB.,RAMIDA,TABLETS + CAPSULES
18,1,57.38,27,-30.38,-30.38,2026-01-14,AGGREX 75 MG 60 TAB.,RAMIDA,TABLETS + CAPSULES
18,2,57.38,27,-30.38,-60.76,2026-01-15,AGGREX 75 MG 60 TAB.,RAMIDA,TABLETS + CAPSULES
18,2,57.38,27,-30.38,-60.76,2026-01-16,AGGREX 75 MG 60 TAB.,RAMIDA,TABLETS + CAPSULES
18,1,57.38,27,-30.38,-30.38,2026-01-17,AGGREX 75 MG 60 TAB.,RAMIDA,TABLETS + CAPSULES
18,2,57.38,27,-30.38,-60.76,2026-01-18,AGGREX 75 MG 60 TAB.,RAMIDA,TABLETS + CAPSULES
18,3,57.38,27,-30.38,-91.14,2026-01-19,AGGREX 75 MG 60 TAB.,RAMIDA,TABLETS + CAPSULES
18,2,57.38,27,-30.38,-60.76,2026-01-20,AGGREX 75 MG 60 TAB.,RAMIDA,TABLETS + CAPSULES
18,2,57.38,27,-30.38,-60.76,2026-01-21,AGGREX 75 MG 60 TAB.,RAMIDA,TABLETS + CAPSULES
18,1,57.38,27,-30.38,-30.38,2026-01-22,AGGREX 75 MG 60 TAB.,RAMIDA,TABLETS + CAPSULES
18,4,57.38,27,-30.38,-121.52,2026-01-23,AGGREX 75 MG 60 TAB.,RAMIDA,TABLETS + CAPSULES
18,1,57.38,27,-30.38,-30.38,2026-01-25,AGGREX 75 MG 60 TAB.,RAMIDA,TABLETS + CAPSULES
18,3,57.38,27,-30.38,-91.14,2026-01-26,AGGREX 75 MG 60 TAB.,RAMIDA,TABLETS + CAPSULES
18,3,57.38,27,-30.38,-91.14,2026-01-27,AGGREX 75 MG 60 TAB.,RAMIDA,TABLETS + CAPSULES
18,4,57.38,27,-30.38,-121.52,2026-01-28,AGGREX 75 MG 60 TAB.,RAMIDA,TABLETS + CAPSULES
18,2,57.38,27,-30.38,-60.76,2026-01-29,AGGREX 75 MG 60 TAB.,RAMIDA,TABLETS + CAPSULES
18,2,57.38,27,-30.38,-60.76,2026-01-30,AGGREX 75 MG 60 TAB.,RAMIDA,TABLETS + CAPSULES
18,1,57.38,27,-30.38,-30.38,2026-01-31,AGGREX 75 MG 60 TAB.,RAMIDA,TABLETS + CAPSULES
18,2,57.38,27,-30.38,-60.76,2026-02-01,AGGREX 75 MG 60 TAB.,RAMIDA,TABLETS + CAPSULES
18,2,57.38,27,-30.38,-60.76,2026-02-02,AGGREX 75 MG 60 TAB.,RAMIDA,TABLETS + CAPSULES
18,2,57.38,27,-30.38,-60.76,2026-02-03,AGGREX 75 MG 60 TAB.,RAMIDA,TABLETS + CAPSULES
18,2,57.38,27,-30.38,-60.76,2026-02-04,AGGREX 75 MG 60 TAB.,RAMIDA,TABLETS + CAPSULES
18,2,57.38,27,-30.38,-60.76,2026-02-05,AGGREX 75 MG 60 TAB.,RAMIDA,TABLETS + CAPSULES
18,2,57.38,27,-30.38,-60.76,2026-02-06,AGGREX 75 MG 60 TAB.,RAMIDA,TABLETS + CAPSULES
18,1,57.38,27,-30.38,-30.38,2026-02-07,AGGREX 75 MG 60 TAB.,RAMIDA,TABLETS + CAPSULES
18,2,57.38,27,-30.38,-60.76,2026-02-08,AGGREX 75 MG 60 TAB.,RAMIDA,TABLETS + CAPSULES
18,2,57.38,27,-30.38,-60.76,2026-02-09,AGGREX 75 MG 60 TAB.,RAMIDA,TABLETS + CAPSULES
18,2,57.38,27,-30.38,-60.76,2026-02-10,AGGREX 75 MG 60 TAB.,RAMIDA,TABLETS + CAPSULES
18,2,57.38,27,-30.38,-60.76,2026-02-11,AGGREX 75 MG 60 TAB.,RAMIDA,TABLETS + CAPSULES
18,2,57.38,27,-30.38,-60.76,2026-02-12,AGGREX 75 MG 60 TAB.,RAMIDA,TABLETS + CAPSULES
18,2,57.38,27,-30.38,-60.76,2026-02-13,AGGREX 75 MG 60 TAB.,RAMIDA,TABLETS + CAPSULES
18,1,57.38,27,-30.38,-30.38,2026-02-14,AGGREX 75 MG 60 TAB.,RAMIDA,TABLETS + CAPSULES
18,1,57.38,27,-30.38,-30.38,2026-02-15,AGGREX 75 MG 60 TAB.,RAMIDA,TABLETS + CAPSULES
18,2,57.38,27,-30.38,-60.76,2026-02-16,AGGREX 75 MG 60 TAB.,RAMIDA,TABLETS + CAPSULES
18,3,57.38,27,-30.38,-91.14,2026-02-17,AGGREX 75 MG 60 TAB.,RAMIDA,TABLETS + CAPSULES
18,1,57.38,27,-30.38,-30.38,2026-02-18,AGGREX 75 MG 60 TAB.,RAMIDA,TABLETS + CAPSULES
18,2,57.38,27,-30.38,-60.76,2026-02-19,AGGREX 75 MG 60 TAB.,RAMIDA,TABLETS + CAPSULES
18,2,57.38,27,-30.38,-60.76,2026-02-20,AGGREX 75 MG 60 TAB.,RAMIDA,TABLETS + CAPSULES
18,2,57.38,27,-30.38,-60.76,2026-02-21,AGGREX 75 MG 60 TAB.,RAMIDA,TABLETS + CAPSULES
18,2,57.38,27,-30.38,-60.76,2026-02-22,AGGREX 75 MG 60 TAB.,RAMIDA,TABLETS + CAPSULES
18,2,57.38,27,-30.38,-60.76,2026-02-23,AGGREX 75 MG 60 TAB.,RAMIDA,TABLETS + CAPSULES
18,3,57.38,27,-30.38,-91.14,2026-02-24,AGGREX 75 MG 60 TAB.,RAMIDA,TABLETS + CAPSULES
18,2,57.38,27,-30.38,-60.76,2026-02-25,AGGREX 75 MG 60 TAB.,RAMIDA,TABLETS + CAPSULES
18,2,57.38,27,-30.38,-60.76,2026-02-26,AGGREX 75 MG 60 TAB.,RAMIDA,TABLETS + CAPSULES
18,2,57.38,27,-30.38,-60.76,2026-02-27,AGGREX 75 MG 60 TAB.,RAMIDA,TABLETS + CAPSULES
18,2,57.38,27,-30.38,-60.76,2026-02-28,AGGREX 75 MG 60 TAB.,RAMIDA,TABLETS + CAPSULES
18,2,57.38,27,-30.38,-60.76,2026-03-01,AGGREX 75 MG 60 TAB.,RAMIDA,TABLETS + CAPSULES
18,2,57.38,27,-30.38,-60.76,2026-03-02,AGGREX 75 MG 60 TAB.,RAMIDA,TABLETS + CAPSULES
18,3,57.38,27,-30.38,-91.14,2026-03-03,AGGREX 75 MG 60 TAB.,RAMIDA,TABLETS + CAPSULES
18,4,57.38,27,-30.38,-121.52,2026-03-04,AGGREX 75 MG 60 TAB.,RAMIDA,TABLETS + CAPSULES
18,3,57.38,27,-30.38,-91.14,2026-03-05,AGGREX 75 MG 60 TAB.,RAMIDA,TABLETS + CAPSULES
18,3,57.38,27,-30.38,-91.14,2026-03-06,AGGREX 75 MG 60 TAB.,RAMIDA,TABLETS + CAPSULES
18,1,57.38,27,-30.38,-30.38,2026-03-07,AGGREX 75 MG 60 TAB.,RAMIDA,TABLETS + CAPSULES
18,1,57.38,27,-30.38,-30.38,2026-03-08,AGGREX 75 MG 60 TAB.,RAMIDA,TABLETS + CAPSULES
18,3,57.38,27,-30.38,-91.14,2026-03-09,AGGREX 75 MG 60 TAB.,RAMIDA,TABLETS + CAPSULES
18,2,57.38,27,-30.38,-60.76,2026-03-10,AGGREX 75 MG 60 TAB.,RAMIDA,TABLETS + CAPSULES
18,3,57.38,27,-30.38,-91.14,2026-03-11,AGGREX 75 MG 60 TAB.,RAMIDA,TABLETS + CAPSULES
18,2,57.38,27,-30.38,-60.76,2026-03-12,AGGREX 75 MG 60 TAB.,RAMIDA,TABLETS + CAPSULES
18,3,57.38,27,-30.38,-91.14,2026-03-13,AGGREX 75 MG 60 TAB.,RAMIDA,TABLETS + CAPSULES
18,2,57.38,27,-30.38,-60.76,2026-03-14,AGGREX 75 MG 60 TAB.,RAMIDA,TABLETS + CAPSULES
18,1,57.38,27,-30.38,-30.38,2026-03-15,AGGREX 75 MG 60 TAB.,RAMIDA,TABLETS + CAPSULES
18,3,57.38,27,-30.38,-91.14,2026-03-16,AGGREX 75 MG 60 TAB.,RAMIDA,TABLETS + CAPSULES
18,3,57.38,27,-30.38,-91.14,2026-03-17,AGGREX 75 MG 60 TAB.,RAMIDA,TABLETS + CAPSULES
18,2,57.38,27,-30.38,-60.76,2026-03-18,AGGREX 75 MG 60 TAB.,RAMIDA,TABLETS + CAPSULES
18,3,57.38,27,-30.38,-91.14,2026-03-19,AGGREX 75 MG 60 TAB.,RAMIDA,TABLETS + CAPSULES
18,2,57.38,27,-30.38,-60.76,2026-03-20,AGGREX 75 MG 60 TAB.,RAMIDA,TABLETS + CAPSULES
18,1,57.38,27,-30.38,-30.38,2026-03-21,AGGREX 75 MG 60 TAB.,RAMIDA,TABLETS + CAPSULES
19,1,75.08,100,24.92,24.92,2025-12-22,AGIOLAX GRAN 5GM 12SACH,CID,SACHETS + GRANULES
19,1,75.08,100,24.92,24.92,2025-12-25,AGIOLAX GRAN 5GM 12SACH,CID,SACHETS + GRANULES
19,1,75.08,100,24.92,24.92,2025-12-26,AGIOLAX GRAN 5GM 12SACH,CID,SACHETS + GRANULES
19,1,75.08,100,24.92,24.92,2025-12-28,AGIOLAX GRAN 5GM 12SACH,CID,SACHETS + GRANULES
19,1,75.08,100,24.92,24.92,2025-12-29,AGIOLAX GRAN 5GM 12SACH,CID,SACHETS + GRANULES
19,1,75.08,100,24.92,24.92,2025-12-30,AGIOLAX GRAN 5GM 12SACH,CID,SACHETS + GRANULES
19,1,75.08,100,24.92,24.92,2025-12-31,AGIOLAX GRAN 5GM 12SACH,CID,SACHETS + GRANULES
19,1,75.08,100,24.92,24.92,2026-01-01,AGIOLAX GRAN 5GM 12SACH,CID,SACHETS + GRANULES
19,1,75.08,100,24.92,24.92,2026-01-02,AGIOLAX GRAN 5GM 12SACH,CID,SACHETS + GRANULES
19,1,75.08,100,24.92,24.92,2026-01-04,AGIOLAX GRAN 5GM 12SACH,CID,SACHETS + GRANULES
19,1,75.08,100,24.92,24.92,2026-01-05,AGIOLAX GRAN 5GM 12SACH,CID,SACHETS + GRANULES
19,1,75.08,100,24.92,24.92,2026-01-06,AGIOLAX GRAN 5GM 12SACH,CID,SACHETS + GRANULES
19,1,75.08,100,24.92,24.92,2026-01-08,AGIOLAX GRAN 5GM 12SACH,CID,SACHETS + GRANULES
19,1,75.08,100,24.92,24.92,2026-01-09,AGIOLAX GRAN 5GM 12SACH,CID,SACHETS + GRANULES
19,1,75.08,100,24.92,24.92,2026-01-12,AGIOLAX GRAN 5GM 12SACH,CID,SACHETS + GRANULES
19,1,75.08,100,24.92,24.92,2026-01-13,AGIOLAX GRAN 5GM 12SACH,CID,SACHETS + GRANULES
19,1,75.08,100,24.92,24.92,2026-01-14,AGIOLAX GRAN 5GM 12SACH,CID,SACHETS + GRANULES
19,1,75.08,100,24.92,24.92,2026-01-16,AGIOLAX GRAN 5GM 12SACH,CID,SACHETS + GRANULES
19,1,75.08,100,24.92,24.92,2026-01-20,AGIOLAX GRAN 5GM 12SACH,CID,SACHETS + GRANULES
19,1,75.08,100,24.92,24.92,2026-01-21,AGIOLAX GRAN 5GM 12SACH,CID,SACHETS + GRANULES
19,1,75.08,100,24.92,24.92,2026-01-22,AGIOLAX GRAN 5GM 12SACH,CID,SACHETS + GRANULES
19,1,75.08,100,24.92,24.92,2026-01-23,AGIOLAX GRAN 5GM 12SACH,CID,SACHETS + GRANULES
19,1,75.08,100,24.92,24.92,2026-01-24,AGIOLAX GRAN 5GM 12SACH,CID,SACHETS + GRANULES
19,1,75.08,100,24.92,24.92,2026-01-26,AGIOLAX GRAN 5GM 12SACH,CID,SACHETS + GRANULES
19,1,75.08,100,24.92,24.92,2026-01-27,AGIOLAX GRAN 5GM 12SACH,CID,SACHETS + GRANULES
19,1,75.08,100,24.92,24.92,2026-01-28,AGIOLAX GRAN 5GM 12SACH,CID,SACHETS + GRANULES
19,1,75.08,100,24.92,24.92,2026-01-29,AGIOLAX GRAN 5GM 12SACH,CID,SACHETS + GRANULES
19,1,75.08,100,24.92,24.92,2026-01-30,AGIOLAX GRAN 5GM 12SACH,CID,SACHETS + GRANULES
19,1,75.08,100,24.92,24.92,2026-01-31,AGIOLAX GRAN 5GM 12SACH,CID,SACHETS + GRANULES
19,1,75.08,100,24.92,24.92,2026-02-01,AGIOLAX GRAN 5GM 12SACH,CID,SACHETS + GRANULES
19,1,75.08,100,24.92,24.92,2026-02-02,AGIOLAX GRAN 5GM 12SACH,CID,SACHETS + GRANULES
19,1,75.08,100,24.92,24.92,2026-02-03,AGIOLAX GRAN 5GM 12SACH,CID,SACHETS + GRANULES
19,1,75.08,100,24.92,24.92,2026-02-05,AGIOLAX GRAN 5GM 12SACH,CID,SACHETS + GRANULES
19,1,75.08,100,24.92,24.92,2026-02-06,AGIOLAX GRAN 5GM 12SACH,CID,SACHETS + GRANULES
19,1,75.08,100,24.92,24.92,2026-02-08,AGIOLAX GRAN 5GM 12SACH,CID,SACHETS + GRANULES
19,1,75.08,100,24.92,24.92,2026-02-09,AGIOLAX GRAN 5GM 12SACH,CID,SACHETS + GRANULES
19,1,75.08,100,24.92,24.92,2026-02-10,AGIOLAX GRAN 5GM 12SACH,CID,SACHETS + GRANULES
19,1,75.08,100,24.92,24.92,2026-02-11,AGIOLAX GRAN 5GM 12SACH,CID,SACHETS + GRANULES
19,1,75.08,100,24.92,24.92,2026-02-12,AGIOLAX GRAN 5GM 12SACH,CID,SACHETS + GRANULES
19,1,75.08,100,24.92,24.92,2026-02-13,AGIOLAX GRAN 5GM 12SACH,CID,SACHETS + GRANULES
19,1,75.08,100,24.92,24.92,2026-02-15,AGIOLAX GRAN 5GM 12SACH,CID,SACHETS + GRANULES
19,1,75.08,100,24.92,24.92,2026-02-16,AGIOLAX GRAN 5GM 12SACH,CID,SACHETS + GRANULES
19,1,75.08,100,24.92,24.92,2026-02-17,AGIOLAX GRAN 5GM 12SACH,CID,SACHETS + GRANULES
19,1,75.08,100,24.92,24.92,2026-02-18,AGIOLAX GRAN 5GM 12SACH,CID,SACHETS + GRANULES
19,1,75.08,100,24.92,24.92,2026-02-20,AGIOLAX GRAN 5GM 12SACH,CID,SACHETS + GRANULES
19,1,75.08,100,24.92,24.92,2026-02-21,AGIOLAX GRAN 5GM 12SACH,CID,SACHETS + GRANULES
19,1,75.08,100,24.92,24.92,2026-02-22,AGIOLAX GRAN 5GM 12SACH,CID,SACHETS + GRANULES
19,1,75.08,100,24.92,24.92,2026-02-23,AGIOLAX GRAN 5GM 12SACH,CID,SACHETS + GRANULES
19,1,75.08,100,24.92,24.92,2026-02-24,AGIOLAX GRAN 5GM 12SACH,CID,SACHETS + GRANULES
19,1,75.08,100,24.92,24.92,2026-02-26,AGIOLAX GRAN 5GM 12SACH,CID,SACHETS + GRANULES
19,1,75.08,100,24.92,24.92,2026-02-27,AGIOLAX GRAN 5GM 12SACH,CID,SACHETS + GRANULES
19,1,75.08,100,24.92,24.92,2026-02-28,AGIOLAX GRAN 5GM 12SACH,CID,SACHETS + GRANULES
19,1,75.08,100,24.92,24.92,2026-03-01,AGIOLAX GRAN 5GM 12SACH,CID,SACHETS + GRANULES
19,1,75.08,100,24.92,24.92,2026-03-02,AGIOLAX GRAN 5GM 12SACH,CID,SACHETS + GRANULES
19,1,75.08,100,24.92,24.92,2026-03-03,AGIOLAX GRAN 5GM 12SACH,CID,SACHETS + GRANULES
19,1,75.08,100,24.92,24.92,2026-03-04,AGIOLAX GRAN 5GM 12SACH,CID,SACHETS + GRANULES
19,1,75.08,100,24.92,24.92,2026-03-05,AGIOLAX GRAN 5GM 12SACH,CID,SACHETS + GRANULES
19,1,75.08,100,24.92,24.92,2026-03-06,AGIOLAX GRAN 5GM 12SACH,CID,SACHETS + GRANULES
19,1,75.08,100,24.92,24.92,2026-03-09,AGIOLAX GRAN 5GM 12SACH,CID,SACHETS + GRANULES
19,1,75.08,100,24.92,24.92,2026-03-10,AGIOLAX GRAN 5GM 12SACH,CID,SACHETS + GRANULES
19,1,75.08,100,24.92,24.92,2026-03-11,AGIOLAX GRAN 5GM 12SACH,CID,SACHETS + GRANULES
19,1,75.08,100,24.92,24.92,2026-03-12,AGIOLAX GRAN 5GM 12SACH,CID,SACHETS + GRANULES
19,1,75.08,100,24.92,24.92,2026-03-13,AGIOLAX GRAN 5GM 12SACH,CID,SACHETS + GRANULES
19,1,75.08,100,24.92,24.92,2026-03-14,AGIOLAX GRAN 5GM 12SACH,CID,SACHETS + GRANULES
19,1,75.08,100,24.92,24.92,2026-03-15,AGIOLAX GRAN 5GM 12SACH,CID,SACHETS + GRANULES
19,1,75.08,100,24.92,24.92,2026-03-16,AGIOLAX GRAN 5GM 12SACH,CID,SACHETS + GRANULES
19,1,75.08,100,24.92,24.92,2026-03-17,AGIOLAX GRAN 5GM 12SACH,CID,SACHETS + GRANULES
19,1,75.08,100,24.92,24.92,2026-03-18,AGIOLAX GRAN 5GM 12SACH,CID,SACHETS + GRANULES
19,1,75.08,100,24.92,24.92,2026-03-20,AGIOLAX GRAN 5GM 12SACH,CID,SACHETS + GRANULES
19,1,75.08,100,24.92,24.92,2026-03-21,AGIOLAX GRAN 5GM 12SACH,CID,SACHETS + GRANULES
20,1,65.25,29,-36.25,-36.25,2025-12-22,AIRONYL 120CC SYR.,SEDICO,SYRUPS + SUSPENSIONS
20,1,65.25,29,-36.25,-36.25,2025-12-23,AIRONYL 120CC SYR.,SEDICO,SYRUPS + SUSPENSIONS
20,1,65.25,29,-36.25,-36.25,2025-12-24,AIRONYL 120CC SYR.,SEDICO,SYRUPS + SUSPENSIONS
20,1,65.25,29,-36.25,-36.25,2025-12-25,AIRONYL 120CC SYR.,SEDICO,SYRUPS + SUSPENSIONS
20,1,65.25,29,-36.25,-36.25,2025-12-26,AIRONYL 120CC SYR.,SEDICO,SYRUPS + SUSPENSIONS
20,1,65.25,29,-36.25,-36.25,2025-12-29,AIRONYL 120CC SYR.,SEDICO,SYRUPS + SUSPENSIONS
20,1,65.25,29,-36.25,-36.25,2025-12-30,AIRONYL 120CC SYR.,SEDICO,SYRUPS + SUSPENSIONS
20,1,65.25,29,-36.25,-36.25,2025-12-31,AIRONYL 120CC SYR.,SEDICO,SYRUPS + SUSPENSIONS
20,1,65.25,29,-36.25,-36.25,2026-01-01,AIRONYL 120CC SYR.,SEDICO,SYRUPS + SUSPENSIONS
20,2,65.25,29,-36.25,-72.5,2026-01-02,AIRONYL 120CC SYR.,SEDICO,SYRUPS + SUSPENSIONS
20,1,65.25,29,-36.25,-36.25,2026-01-03,AIRONYL 120CC SYR.,SEDICO,SYRUPS + SUSPENSIONS
20,1,65.25,29,-36.25,-36.25,2026-01-04,AIRONYL 120CC SYR.,SEDICO,SYRUPS + SUSPENSIONS
20,2,65.25,29,-36.25,-72.5,2026-01-05,AIRONYL 120CC SYR.,SEDICO,SYRUPS + SUSPENSIONS
20,2,65.25,29,-36.25,-72.5,2026-01-06,AIRONYL 120CC SYR.,SEDICO,SYRUPS + SUSPENSIONS
20,2,65.25,29,-36.25,-72.5,2026-01-07,AIRONYL 120CC SYR.,SEDICO,SYRUPS + SUSPENSIONS
20,1,65.25,29,-36.25,-36.25,2026-01-08,AIRONYL 120CC SYR.,SEDICO,SYRUPS + SUSPENSIONS
20,1,65.25,29,-36.25,-36.25,2026-01-09,AIRONYL 120CC SYR.,SEDICO,SYRUPS + SUSPENSIONS
20,1,65.25,29,-36.25,-36.25,2026-01-10,AIRONYL 120CC SYR.,SEDICO,SYRUPS + SUSPENSIONS
20,1,65.25,29,-36.25,-36.25,2026-01-11,AIRONYL 120CC SYR.,SEDICO,SYRUPS + SUSPENSIONS
20,1,65.25,29,-36.25,-36.25,2026-01-12,AIRONYL 120CC SYR.,SEDICO,SYRUPS + SUSPENSIONS
20,1,65.25,29,-36.25,-36.25,2026-01-13,AIRONYL 120CC SYR.,SEDICO,SYRUPS + SUSPENSIONS
20,1,65.25,29,-36.25,-36.25,2026-01-14,AIRONYL 120CC SYR.,SEDICO,SYRUPS + SUSPENSIONS
20,1,65.25,29,-36.25,-36.25,2026-01-16,AIRONYL 120CC SYR.,SEDICO,SYRUPS + SUSPENSIONS
20,1,65.25,29,-36.25,-36.25,2026-01-17,AIRONYL 120CC SYR.,SEDICO,SYRUPS + SUSPENSIONS
20,1,65.25,29,-36.25,-36.25,2026-01-18,AIRONYL 120CC SYR.,SEDICO,SYRUPS + SUSPENSIONS
20,2,65.25,29,-36.25,-72.5,2026-01-19,AIRONYL 120CC SYR.,SEDICO,SYRUPS + SUSPENSIONS
20,2,65.25,29,-36.25,-72.5,2026-01-20,AIRONYL 120CC SYR.,SEDICO,SYRUPS + SUSPENSIONS
20,1,65.25,29,-36.25,-36.25,2026-01-21,AIRONYL 120CC SYR.,SEDICO,SYRUPS + SUSPENSIONS
20,1,65.25,29,-36.25,-36.25,2026-01-22,AIRONYL 120CC SYR.,SEDICO,SYRUPS + SUSPENSIONS
20,2,65.25,29,-36.25,-72.5,2026-01-23,AIRONYL 120CC SYR.,SEDICO,SYRUPS + SUSPENSIONS
20,1,65.25,29,-36.25,-36.25,2026-01-24,AIRONYL 120CC SYR.,SEDICO,SYRUPS + SUSPENSIONS
20,1,65.25,29,-36.25,-36.25,2026-01-25,AIRONYL 120CC SYR.,SEDICO,SYRUPS + SUSPENSIONS
20,1,65.25,29,-36.25,-36.25,2026-01-26,AIRONYL 120CC SYR.,SEDICO,SYRUPS + SUSPENSIONS
20,1,65.25,29,-36.25,-36.25,2026-01-27,AIRONYL 120CC SYR.,SEDICO,SYRUPS + SUSPENSIONS
20,2,65.25,29,-36.25,-72.5,2026-01-28,AIRONYL 120CC SYR.,SEDICO,SYRUPS + SUSPENSIONS
20,1,65.25,29,-36.25,-36.25,2026-01-29,AIRONYL 120CC SYR.,SEDICO,SYRUPS + SUSPENSIONS
20,2,65.25,29,-36.25,-72.5,2026-01-30,AIRONYL 120CC SYR.,SEDICO,SYRUPS + SUSPENSIONS
20,1,65.25,29,-36.25,-36.25,2026-01-31,AIRONYL 120CC SYR.,SEDICO,SYRUPS + SUSPENSIONS
20,1,65.25,29,-36.25,-36.25,2026-02-01,AIRONYL 120CC SYR.,SEDICO,SYRUPS + SUSPENSIONS
20,1,65.25,29,-36.25,-36.25,2026-02-02,AIRONYL 120CC SYR.,SEDICO,SYRUPS + SUSPENSIONS
20,2,65.25,29,-36.25,-72.5,2026-02-03,AIRONYL 120CC SYR.,SEDICO,SYRUPS + SUSPENSIONS
20,1,65.25,29,-36.25,-36.25,2026-02-04,AIRONYL 120CC SYR.,SEDICO,SYRUPS + SUSPENSIONS
20,1,65.25,29,-36.25,-36.25,2026-02-05,AIRONYL 120CC SYR.,SEDICO,SYRUPS + SUSPENSIONS
20,1,65.25,29,-36.25,-36.25,2026-02-06,AIRONYL 120CC SYR.,SEDICO,SYRUPS + SUSPENSIONS
20,1,65.25,29,-36.25,-36.25,2026-02-07,AIRONYL 120CC SYR.,SEDICO,SYRUPS + SUSPENSIONS
20,1,65.25,29,-36.25,-36.25,2026-02-08,AIRONYL 120CC SYR.,SEDICO,SYRUPS + SUSPENSIONS
20,1,65.25,29,-36.25,-36.25,2026-02-09,AIRONYL 120CC SYR.,SEDICO,SYRUPS + SUSPENSIONS
20,2,65.25,29,-36.25,-72.5,2026-02-10,AIRONYL 120CC SYR.,SEDICO,SYRUPS + SUSPENSIONS
20,1,65.25,29,-36.25,-36.25,2026-02-11,AIRONYL 120CC SYR.,SEDICO,SYRUPS + SUSPENSIONS
20,1,65.25,29,-36.25,-36.25,2026-02-12,AIRONYL 120CC SYR.,SEDICO,SYRUPS + SUSPENSIONS
20,1,65.25,29,-36.25,-36.25,2026-02-13,AIRONYL 120CC SYR.,SEDICO,SYRUPS + SUSPENSIONS
20,1,65.25,29,-36.25,-36.25,2026-02-14,AIRONYL 120CC SYR.,SEDICO,SYRUPS + SUSPENSIONS
20,1,65.25,29,-36.25,-36.25,2026-02-15,AIRONYL 120CC SYR.,SEDICO,SYRUPS + SUSPENSIONS
20,2,65.25,29,-36.25,-72.5,2026-02-16,AIRONYL 120CC SYR.,SEDICO,SYRUPS + SUSPENSIONS
20,2,65.25,29,-36.25,-72.5,2026-02-17,AIRONYL 120CC SYR.,SEDICO,SYRUPS + SUSPENSIONS
20,1,65.25,29,-36.25,-36.25,2026-02-18,AIRONYL 120CC SYR.,SEDICO,SYRUPS + SUSPENSIONS
20,2,65.25,29,-36.25,-72.5,2026-02-19,AIRONYL 120CC SYR.,SEDICO,SYRUPS + SUSPENSIONS
20,2,65.25,29,-36.25,-72.5,2026-02-20,AIRONYL 120CC SYR.,SEDICO,SYRUPS + SUSPENSIONS
20,1,65.25,29,-36.25,-36.25,2026-02-21,AIRONYL 120CC SYR.,SEDICO,SYRUPS + SUSPENSIONS
20,1,65.25,29,-36.25,-36.25,2026-02-22,AIRONYL 120CC SYR.,SEDICO,SYRUPS + SUSPENSIONS
20,2,65.25,29,-36.25,-72.5,2026-02-23,AIRONYL 120CC SYR.,SEDICO,SYRUPS + SUSPENSIONS
20,1,65.25,29,-36.25,-36.25,2026-02-24,AIRONYL 120CC SYR.,SEDICO,SYRUPS + SUSPENSIONS
20,1,65.25,29,-36.25,-36.25,2026-02-25,AIRONYL 120CC SYR.,SEDICO,SYRUPS + SUSPENSIONS
20,2,65.25,29,-36.25,-72.5,2026-02-26,AIRONYL 120CC SYR.,SEDICO,SYRUPS + SUSPENSIONS
20,2,65.25,29,-36.25,-72.5,2026-02-27,AIRONYL 120CC SYR.,SEDICO,SYRUPS + SUSPENSIONS
20,1,65.25,29,-36.25,-36.25,2026-02-28,AIRONYL 120CC SYR.,SEDICO,SYRUPS + SUSPENSIONS
20,1,65.25,29,-36.25,-36.25,2026-03-01,AIRONYL 120CC SYR.,SEDICO,SYRUPS + SUSPENSIONS
20,1,65.25,29,-36.25,-36.25,2026-03-02,AIRONYL 120CC SYR.,SEDICO,SYRUPS + SUSPENSIONS
20,1,65.25,29,-36.25,-36.25,2026-03-03,AIRONYL 120CC SYR.,SEDICO,SYRUPS + SUSPENSIONS
20,1,65.25,29,-36.25,-36.25,2026-03-04,AIRONYL 120CC SYR.,SEDICO,SYRUPS + SUSPENSIONS
20,2,65.25,29,-36.25,-72.5,2026-03-05,AIRONYL 120CC SYR.,SEDICO,SYRUPS + SUSPENSIONS
20,1,65.25,29,-36.25,-36.25,2026-03-06,AIRONYL 120CC SYR.,SEDICO,SYRUPS + SUSPENSIONS
20,1,65.25,29,-36.25,-36.25,2026-03-07,AIRONYL 120CC SYR.,SEDICO,SYRUPS + SUSPENSIONS
20,1,65.25,29,-36.25,-36.25,2026-03-08,AIRONYL 120CC SYR.,SEDICO,SYRUPS + SUSPENSIONS
20,2,65.25,29,-36.25,-72.5,2026-03-09,AIRONYL 120CC SYR.,SEDICO,SYRUPS + SUSPENSIONS
20,1,65.25,29,-36.25,-36.25,2026-03-10,AIRONYL 120CC SYR.,SEDICO,SYRUPS + SUSPENSIONS
20,2,65.25,29,-36.25,-72.5,2026-03-11,AIRONYL 120CC SYR.,SEDICO,SYRUPS + SUSPENSIONS
20,1,65.25,29,-36.25,-36.25,2026-03-12,AIRONYL 120CC SYR.,SEDICO,SYRUPS + SUSPENSIONS
20,2,65.25,29,-36.25,-72.5,2026-03-13,AIRONYL 120CC SYR.,SEDICO,SYRUPS + SUSPENSIONS
20,1,65.25,29,-36.25,-36.25,2026-03-14,AIRONYL 120CC SYR.,SEDICO,SYRUPS + SUSPENSIONS
20,1,65.25,29,-36.25,-36.25,2026-03-15,AIRONYL 120CC SYR.,SEDICO,SYRUPS + SUSPENSIONS
20,2,65.25,29,-36.25,-72.5,2026-03-16,AIRONYL 120CC SYR.,SEDICO,SYRUPS + SUSPENSIONS
20,1,65.25,29,-36.25,-36.25,2026-03-17,AIRONYL 120CC SYR.,SEDICO,SYRUPS + SUSPENSIONS
20,1,65.25,29,-36.25,-36.25,2026-03-18,AIRONYL 120CC SYR.,SEDICO,SYRUPS + SUSPENSIONS
20,1,65.25,29,-36.25,-36.25,2026-03-19,AIRONYL 120CC SYR.,SEDICO,SYRUPS + SUSPENSIONS
20,2,65.25,29,-36.25,-72.5,2026-03-20,AIRONYL 120CC SYR.,SEDICO,SYRUPS + SUSPENSIONS
20,1,65.25,29,-36.25,-36.25,2026-03-21,AIRONYL 120CC SYR.,SEDICO,SYRUPS + SUSPENSIONS
22,2,96.88,111,14.12,28.24,2025-12-22,ALDOMET 250MG 30TAB.,KAHIRA,TABLETS + CAPSULES
22,3,96.88,111,14.12,42.36,2025-12-23,ALDOMET 250MG 30TAB.,KAHIRA,TABLETS + CAPSULES
22,2,96.88,111,14.12,28.24,2025-12-24,ALDOMET 250MG 30TAB.,KAHIRA,TABLETS + CAPSULES
22,2,96.88,111,14.12,28.24,2025-12-25,ALDOMET 250MG 30TAB.,KAHIRA,TABLETS + CAPSULES
22,2,96.88,111,14.12,28.24,2025-12-26,ALDOMET 250MG 30TAB.,KAHIRA,TABLETS + CAPSULES
22,1,96.88,111,14.12,14.12,2025-12-27,ALDOMET 250MG 30TAB.,KAHIRA,TABLETS + CAPSULES
22,2,96.88,111,14.12,28.24,2025-12-28,ALDOMET 250MG 30TAB.,KAHIRA,TABLETS + CAPSULES
22,4,96.88,111,14.12,56.48,2025-12-29,ALDOMET 250MG 30TAB.,KAHIRA,TABLETS + CAPSULES
22,2,96.88,111,14.12,28.24,2025-12-30,ALDOMET 250MG 30TAB.,KAHIRA,TABLETS + CAPSULES
22,2,96.88,111,14.12,28.24,2025-12-31,ALDOMET 250MG 30TAB.,KAHIRA,TABLETS + CAPSULES
22,4,96.88,111,14.12,56.48,2026-01-01,ALDOMET 250MG 30TAB.,KAHIRA,TABLETS + CAPSULES
22,3,96.88,111,14.12,42.36,2026-01-02,ALDOMET 250MG 30TAB.,KAHIRA,TABLETS + CAPSULES
22,1,96.88,111,14.12,14.12,2026-01-03,ALDOMET 250MG 30TAB.,KAHIRA,TABLETS + CAPSULES
22,2,96.88,111,14.12,28.24,2026-01-04,ALDOMET 250MG 30TAB.,KAHIRA,TABLETS + CAPSULES
22,1,96.88,111,14.12,14.12,2026-01-05,ALDOMET 250MG 30TAB.,KAHIRA,TABLETS + CAPSULES
22,2,96.88,111,14.12,28.24,2026-01-06,ALDOMET 250MG 30TAB.,KAHIRA,TABLETS + CAPSULES
22,3,96.88,111,14.12,42.36,2026-01-07,ALDOMET 250MG 30TAB.,KAHIRA,TABLETS + CAPSULES
22,3,96.88,111,14.12,42.36,2026-01-08,ALDOMET 250MG 30TAB.,KAHIRA,TABLETS + CAPSULES
22,4,96.88,111,14.12,56.48,2026-01-09,ALDOMET 250MG 30TAB.,KAHIRA,TABLETS + CAPSULES
22,1,96.88,111,14.12,14.12,2026-01-10,ALDOMET 250MG 30TAB.,KAHIRA,TABLETS + CAPSULES
22,1,96.88,111,14.12,14.12,2026-01-11,ALDOMET 250MG 30TAB.,KAHIRA,TABLETS + CAPSULES
22,3,96.88,111,14.12,42.36,2026-01-12,ALDOMET 250MG 30TAB.,KAHIRA,TABLETS + CAPSULES
22,2,96.88,111,14.12,28.24,2026-01-13,ALDOMET 250MG 30TAB.,KAHIRA,TABLETS + CAPSULES
22,3,96.88,111,14.12,42.36,2026-01-14,ALDOMET 250MG 30TAB.,KAHIRA,TABLETS + CAPSULES
22,4,96.88,111,14.12,56.48,2026-01-15,ALDOMET 250MG 30TAB.,KAHIRA,TABLETS + CAPSULES
22,3,96.88,111,14.12,42.36,2026-01-16,ALDOMET 250MG 30TAB.,KAHIRA,TABLETS + CAPSULES
22,2,96.88,111,14.12,28.24,2026-01-17,ALDOMET 250MG 30TAB.,KAHIRA,TABLETS + CAPSULES
22,2,96.88,111,14.12,28.24,2026-01-18,ALDOMET 250MG 30TAB.,KAHIRA,TABLETS + CAPSULES
22,2,96.88,111,14.12,28.24,2026-01-19,ALDOMET 250MG 30TAB.,KAHIRA,TABLETS + CAPSULES
22,3,96.88,111,14.12,42.36,2026-01-20,ALDOMET 250MG 30TAB.,KAHIRA,TABLETS + CAPSULES
22,2,96.88,111,14.12,28.24,2026-01-21,ALDOMET 250MG 30TAB.,KAHIRA,TABLETS + CAPSULES
22,2,96.88,111,14.12,28.24,2026-01-22,ALDOMET 250MG 30TAB.,KAHIRA,TABLETS + CAPSULES
22,4,96.88,111,14.12,56.48,2026-01-23,ALDOMET 250MG 30TAB.,KAHIRA,TABLETS + CAPSULES
22,1,96.88,111,14.12,14.12,2026-01-24,ALDOMET 250MG 30TAB.,KAHIRA,TABLETS + CAPSULES
22,2,96.88,111,14.12,28.24,2026-01-25,ALDOMET 250MG 30TAB.,KAHIRA,TABLETS + CAPSULES
22,3,96.88,111,14.12,42.36,2026-01-26,ALDOMET 250MG 30TAB.,KAHIRA,TABLETS + CAPSULES
22,2,96.88,111,14.12,28.24,2026-01-27,ALDOMET 250MG 30TAB.,KAHIRA,TABLETS + CAPSULES
22,3,96.88,111,14.12,42.36,2026-01-28,ALDOMET 250MG 30TAB.,KAHIRA,TABLETS + CAPSULES
22,3,96.88,111,14.12,42.36,2026-01-29,ALDOMET 250MG 30TAB.,KAHIRA,TABLETS + CAPSULES
22,4,96.88,111,14.12,56.48,2026-01-30,ALDOMET 250MG 30TAB.,KAHIRA,TABLETS + CAPSULES
22,1,96.88,111,14.12,14.12,2026-01-31,ALDOMET 250MG 30TAB.,KAHIRA,TABLETS + CAPSULES
22,2,96.88,111,14.12,28.24,2026-02-01,ALDOMET 250MG 30TAB.,KAHIRA,TABLETS + CAPSULES
22,3,96.88,111,14.12,42.36,2026-02-02,ALDOMET 250MG 30TAB.,KAHIRA,TABLETS + CAPSULES
22,3,96.88,111,14.12,42.36,2026-02-03,ALDOMET 250MG 30TAB.,KAHIRA,TABLETS + CAPSULES
22,3,96.88,111,14.12,42.36,2026-02-04,ALDOMET 250MG 30TAB.,KAHIRA,TABLETS + CAPSULES
22,2,96.88,111,14.12,28.24,2026-02-05,ALDOMET 250MG 30TAB.,KAHIRA,TABLETS + CAPSULES
22,2,96.88,111,14.12,28.24,2026-02-06,ALDOMET 250MG 30TAB.,KAHIRA,TABLETS + CAPSULES
22,1,96.88,111,14.12,14.12,2026-02-07,ALDOMET 250MG 30TAB.,KAHIRA,TABLETS + CAPSULES
22,1,96.88,111,14.12,14.12,2026-02-08,ALDOMET 250MG 30TAB.,KAHIRA,TABLETS + CAPSULES
22,3,96.88,111,14.12,42.36,2026-02-09,ALDOMET 250MG 30TAB.,KAHIRA,TABLETS + CAPSULES
22,4,96.88,111,14.12,56.48,2026-02-10,ALDOMET 250MG 30TAB.,KAHIRA,TABLETS + CAPSULES
22,4,96.88,111,14.12,56.48,2026-02-11,ALDOMET 250MG 30TAB.,KAHIRA,TABLETS + CAPSULES
22,3,96.88,111,14.12,42.36,2026-02-12,ALDOMET 250MG 30TAB.,KAHIRA,TABLETS + CAPSULES
22,4,96.88,111,14.12,56.48,2026-02-13,ALDOMET 250MG 30TAB.,KAHIRA,TABLETS + CAPSULES
22,1,96.88,111,14.12,14.12,2026-02-14,ALDOMET 250MG 30TAB.,KAHIRA,TABLETS + CAPSULES
22,2,96.88,111,14.12,28.24,2026-02-15,ALDOMET 250MG 30TAB.,KAHIRA,TABLETS + CAPSULES
22,4,96.88,111,14.12,56.48,2026-02-16,ALDOMET 250MG 30TAB.,KAHIRA,TABLETS + CAPSULES
22,2,96.88,111,14.12,28.24,2026-02-17,ALDOMET 250MG 30TAB.,KAHIRA,TABLETS + CAPSULES
22,3,96.88,111,14.12,42.36,2026-02-18,ALDOMET 250MG 30TAB.,KAHIRA,TABLETS + CAPSULES
22,2,96.88,111,14.12,28.24,2026-02-19,ALDOMET 250MG 30TAB.,KAHIRA,TABLETS + CAPSULES
22,3,96.88,111,14.12,42.36,2026-02-20,ALDOMET 250MG 30TAB.,KAHIRA,TABLETS + CAPSULES
22,1,96.88,111,14.12,14.12,2026-02-21,ALDOMET 250MG 30TAB.,KAHIRA,TABLETS + CAPSULES
22,1,96.88,111,14.12,14.12,2026-02-22,ALDOMET 250MG 30TAB.,KAHIRA,TABLETS + CAPSULES
22,4,96.88,111,14.12,56.48,2026-02-23,ALDOMET 250MG 30TAB.,KAHIRA,TABLETS + CAPSULES
22,3,96.88,111,14.12,42.36,2026-02-24,ALDOMET 250MG 30TAB.,KAHIRA,TABLETS + CAPSULES
22,4,96.88,111,14.12,56.48,2026-02-25,ALDOMET 250MG 30TAB.,KAHIRA,TABLETS + CAPSULES
22,3,96.88,111,14.12,42.36,2026-02-26,ALDOMET 250MG 30TAB.,KAHIRA,TABLETS + CAPSULES
22,4,96.88,111,14.12,56.48,2026-02-27,ALDOMET 250MG 30TAB.,KAHIRA,TABLETS + CAPSULES
22,1,96.88,111,14.12,14.12,2026-02-28,ALDOMET 250MG 30TAB.,KAHIRA,TABLETS + CAPSULES
22,2,96.88,111,14.12,28.24,2026-03-01,ALDOMET 250MG 30TAB.,KAHIRA,TABLETS + CAPSULES
22,4,96.88,111,14.12,56.48,2026-03-02,ALDOMET 250MG 30TAB.,KAHIRA,TABLETS + CAPSULES
22,4,96.88,111,14.12,56.48,2026-03-03,ALDOMET 250MG 30TAB.,KAHIRA,TABLETS + CAPSULES
22,3,96.88,111,14.12,42.36,2026-03-04,ALDOMET 250MG 30TAB.,KAHIRA,TABLETS + CAPSULES
22,1,96.88,111,14.12,14.12,2026-03-05,ALDOMET 250MG 30TAB.,KAHIRA,TABLETS + CAPSULES
22,4,96.88,111,14.12,56.48,2026-03-06,ALDOMET 250MG 30TAB.,KAHIRA,TABLETS + CAPSULES
22,3,96.88,111,14.12,42.36,2026-03-07,ALDOMET 250MG 30TAB.,KAHIRA,TABLETS + CAPSULES
22,2,96.88,111,14.12,28.24,2026-03-08,ALDOMET 250MG 30TAB.,KAHIRA,TABLETS + CAPSULES
22,3,96.88,111,14.12,42.36,2026-03-09,ALDOMET 250MG 30TAB.,KAHIRA,TABLETS + CAPSULES
22,5,96.88,111,14.12,70.6,2026-03-10,ALDOMET 250MG 30TAB.,KAHIRA,TABLETS + CAPSULES
22,3,96.88,111,14.12,42.36,2026-03-11,ALDOMET 250MG 30TAB.,KAHIRA,TABLETS + CAPSULES
22,3,96.88,111,14.12,42.36,2026-03-12,ALDOMET 250MG 30TAB.,KAHIRA,TABLETS + CAPSULES
22,4,96.88,111,14.12,56.48,2026-03-13,ALDOMET 250MG 30TAB.,KAHIRA,TABLETS + CAPSULES
22,2,96.88,111,14.12,28.24,2026-03-14,ALDOMET 250MG 30TAB.,KAHIRA,TABLETS + CAPSULES
22,2,96.88,111,14.12,28.24,2026-03-15,ALDOMET 250MG 30TAB.,KAHIRA,TABLETS + CAPSULES
22,2,96.88,111,14.12,28.24,2026-03-16,ALDOMET 250MG 30TAB.,KAHIRA,TABLETS + CAPSULES
22,3,96.88,111,14.12,42.36,2026-03-17,ALDOMET 250MG 30TAB.,KAHIRA,TABLETS + CAPSULES
22,3,96.88,111,14.12,42.36,2026-03-18,ALDOMET 250MG 30TAB.,KAHIRA,TABLETS + CAPSULES
22,4,96.88,111,14.12,56.48,2026-03-19,ALDOMET 250MG 30TAB.,KAHIRA,TABLETS + CAPSULES
22,4,96.88,111,14.12,56.48,2026-03-20,ALDOMET 250MG 30TAB.,KAHIRA,TABLETS + CAPSULES
22,2,96.88,111,14.12,28.24,2026-03-21,ALDOMET 250MG 30TAB.,KAHIRA,TABLETS + CAPSULES
23,3,24.0,60,36.0,108.0,2025-12-22,ALERGOLIBER 10MG,Pharmaoverseas,TABLETS + CAPSULES
23,3,24.0,60,36.0,108.0,2025-12-23,ALERGOLIBER 10MG,Pharmaoverseas,TABLETS + CAPSULES
23,2,24.0,60,36.0,72.0,2025-12-24,ALERGOLIBER 10MG,Pharmaoverseas,TABLETS + CAPSULES
23,2,24.0,60,36.0,72.0,2025-12-25,ALERGOLIBER 10MG,Pharmaoverseas,TABLETS + CAPSULES
23,3,24.0,60,36.0,108.0,2025-12-26,ALERGOLIBER 10MG,Pharmaoverseas,TABLETS + CAPSULES
23,2,24.0,60,36.0,72.0,2025-12-27,ALERGOLIBER 10MG,Pharmaoverseas,TABLETS + CAPSULES
23,1,24.0,60,36.0,36.0,2025-12-28,ALERGOLIBER 10MG,Pharmaoverseas,TABLETS + CAPSULES
23,1,24.0,60,36.0,36.0,2025-12-29,ALERGOLIBER 10MG,Pharmaoverseas,TABLETS + CAPSULES
23,3,24.0,60,36.0,108.0,2025-12-30,ALERGOLIBER 10MG,Pharmaoverseas,TABLETS + CAPSULES
23,2,24.0,60,36.0,72.0,2025-12-31,ALERGOLIBER 10MG,Pharmaoverseas,TABLETS + CAPSULES
23,2,24.0,60,36.0,72.0,2026-01-01,ALERGOLIBER 10MG,Pharmaoverseas,TABLETS + CAPSULES
23,3,24.0,60,36.0,108.0,2026-01-02,ALERGOLIBER 10MG,Pharmaoverseas,TABLETS + CAPSULES
23,1,24.0,60,36.0,36.0,2026-01-03,ALERGOLIBER 10MG,Pharmaoverseas,TABLETS + CAPSULES
23,1,24.0,60,36.0,36.0,2026-01-04,ALERGOLIBER 10MG,Pharmaoverseas,TABLETS + CAPSULES
23,3,24.0,60,36.0,108.0,2026-01-05,ALERGOLIBER 10MG,Pharmaoverseas,TABLETS + CAPSULES
23,3,24.0,60,36.0,108.0,2026-01-06,ALERGOLIBER 10MG,Pharmaoverseas,TABLETS + CAPSULES
23,2,24.0,60,36.0,72.0,2026-01-07,ALERGOLIBER 10MG,Pharmaoverseas,TABLETS + CAPSULES
23,3,24.0,60,36.0,108.0,2026-01-08,ALERGOLIBER 10MG,Pharmaoverseas,TABLETS + CAPSULES
23,3,24.0,60,36.0,108.0,2026-01-09,ALERGOLIBER 10MG,Pharmaoverseas,TABLETS + CAPSULES
23,2,24.0,60,36.0,72.0,2026-01-10,ALERGOLIBER 10MG,Pharmaoverseas,TABLETS + CAPSULES
23,1,24.0,60,36.0,36.0,2026-01-11,ALERGOLIBER 10MG,Pharmaoverseas,TABLETS + CAPSULES
23,3,24.0,60,36.0,108.0,2026-01-12,ALERGOLIBER 10MG,Pharmaoverseas,TABLETS + CAPSULES
23,2,24.0,60,36.0,72.0,2026-01-13,ALERGOLIBER 10MG,Pharmaoverseas,TABLETS + CAPSULES
23,2,24.0,60,36.0,72.0,2026-01-14,ALERGOLIBER 10MG,Pharmaoverseas,TABLETS + CAPSULES
23,3,24.0,60,36.0,108.0,2026-01-15,ALERGOLIBER 10MG,Pharmaoverseas,TABLETS + CAPSULES
23,3,24.0,60,36.0,108.0,2026-01-16,ALERGOLIBER 10MG,Pharmaoverseas,TABLETS + CAPSULES
23,1,24.0,60,36.0,36.0,2026-01-17,ALERGOLIBER 10MG,Pharmaoverseas,TABLETS + CAPSULES
23,2,24.0,60,36.0,72.0,2026-01-18,ALERGOLIBER 10MG,Pharmaoverseas,TABLETS + CAPSULES
23,4,24.0,60,36.0,144.0,2026-01-19,ALERGOLIBER 10MG,Pharmaoverseas,TABLETS + CAPSULES
23,4,24.0,60,36.0,144.0,2026-01-20,ALERGOLIBER 10MG,Pharmaoverseas,TABLETS + CAPSULES
23,2,24.0,60,36.0,72.0,2026-01-21,ALERGOLIBER 10MG,Pharmaoverseas,TABLETS + CAPSULES
23,2,24.0,60,36.0,72.0,2026-01-22,ALERGOLIBER 10MG,Pharmaoverseas,TABLETS + CAPSULES
23,3,24.0,60,36.0,108.0,2026-01-23,ALERGOLIBER 10MG,Pharmaoverseas,TABLETS + CAPSULES
23,1,24.0,60,36.0,36.0,2026-01-24,ALERGOLIBER 10MG,Pharmaoverseas,TABLETS + CAPSULES
23,1,24.0,60,36.0,36.0,2026-01-25,ALERGOLIBER 10MG,Pharmaoverseas,TABLETS + CAPSULES
23,3,24.0,60,36.0,108.0,2026-01-26,ALERGOLIBER 10MG,Pharmaoverseas,TABLETS + CAPSULES
23,3,24.0,60,36.0,108.0,2026-01-27,ALERGOLIBER 10MG,Pharmaoverseas,TABLETS + CAPSULES
23,3,24.0,60,36.0,108.0,2026-01-28,ALERGOLIBER 10MG,Pharmaoverseas,TABLETS + CAPSULES
23,2,24.0,60,36.0,72.0,2026-01-29,ALERGOLIBER 10MG,Pharmaoverseas,TABLETS + CAPSULES
23,4,24.0,60,36.0,144.0,2026-01-30,ALERGOLIBER 10MG,Pharmaoverseas,TABLETS + CAPSULES
23,2,24.0,60,36.0,72.0,2026-01-31,ALERGOLIBER 10MG,Pharmaoverseas,TABLETS + CAPSULES
23,2,24.0,60,36.0,72.0,2026-02-01,ALERGOLIBER 10MG,Pharmaoverseas,TABLETS + CAPSULES
23,3,24.0,60,36.0,108.0,2026-02-02,ALERGOLIBER 10MG,Pharmaoverseas,TABLETS + CAPSULES
23,2,24.0,60,36.0,72.0,2026-02-03,ALERGOLIBER 10MG,Pharmaoverseas,TABLETS + CAPSULES
23,3,24.0,60,36.0,108.0,2026-02-04,ALERGOLIBER 10MG,Pharmaoverseas,TABLETS + CAPSULES
23,2,24.0,60,36.0,72.0,2026-02-05,ALERGOLIBER 10MG,Pharmaoverseas,TABLETS + CAPSULES
23,3,24.0,60,36.0,108.0,2026-02-06,ALERGOLIBER 10MG,Pharmaoverseas,TABLETS + CAPSULES
23,1,24.0,60,36.0,36.0,2026-02-07,ALERGOLIBER 10MG,Pharmaoverseas,TABLETS + CAPSULES
23,2,24.0,60,36.0,72.0,2026-02-08,ALERGOLIBER 10MG,Pharmaoverseas,TABLETS + CAPSULES
23,3,24.0,60,36.0,108.0,2026-02-09,ALERGOLIBER 10MG,Pharmaoverseas,TABLETS + CAPSULES
23,2,24.0,60,36.0,72.0,2026-02-10,ALERGOLIBER 10MG,Pharmaoverseas,TABLETS + CAPSULES
23,2,24.0,60,36.0,72.0,2026-02-11,ALERGOLIBER 10MG,Pharmaoverseas,TABLETS + CAPSULES
23,3,24.0,60,36.0,108.0,2026-02-12,ALERGOLIBER 10MG,Pharmaoverseas,TABLETS + CAPSULES
23,3,24.0,60,36.0,108.0,2026-02-13,ALERGOLIBER 10MG,Pharmaoverseas,TABLETS + CAPSULES
23,2,24.0,60,36.0,72.0,2026-02-14,ALERGOLIBER 10MG,Pharmaoverseas,TABLETS + CAPSULES
23,2,24.0,60,36.0,72.0,2026-02-15,ALERGOLIBER 10MG,Pharmaoverseas,TABLETS + CAPSULES
23,3,24.0,60,36.0,108.0,2026-02-16,ALERGOLIBER 10MG,Pharmaoverseas,TABLETS + CAPSULES
23,2,24.0,60,36.0,72.0,2026-02-17,ALERGOLIBER 10MG,Pharmaoverseas,TABLETS + CAPSULES
23,4,24.0,60,36.0,144.0,2026-02-18,ALERGOLIBER 10MG,Pharmaoverseas,TABLETS + CAPSULES
23,5,24.0,60,36.0,180.0,2026-02-19,ALERGOLIBER 10MG,Pharmaoverseas,TABLETS + CAPSULES
23,4,24.0,60,36.0,144.0,2026-02-20,ALERGOLIBER 10MG,Pharmaoverseas,TABLETS + CAPSULES
23,2,24.0,60,36.0,72.0,2026-02-21,ALERGOLIBER 10MG,Pharmaoverseas,TABLETS + CAPSULES
23,2,24.0,60,36.0,72.0,2026-02-22,ALERGOLIBER 10MG,Pharmaoverseas,TABLETS + CAPSULES
23,2,24.0,60,36.0,72.0,2026-02-23,ALERGOLIBER 10MG,Pharmaoverseas,TABLETS + CAPSULES
23,2,24.0,60,36.0,72.0,2026-02-24,ALERGOLIBER 10MG,Pharmaoverseas,TABLETS + CAPSULES
23,3,24.0,60,36.0,108.0,2026-02-25,ALERGOLIBER 10MG,Pharmaoverseas,TABLETS + CAPSULES
23,4,24.0,60,36.0,144.0,2026-02-26,ALERGOLIBER 10MG,Pharmaoverseas,TABLETS + CAPSULES
23,3,24.0,60,36.0,108.0,2026-02-27,ALERGOLIBER 10MG,Pharmaoverseas,TABLETS + CAPSULES
23,2,24.0,60,36.0,72.0,2026-02-28,ALERGOLIBER 10MG,Pharmaoverseas,TABLETS + CAPSULES
23,2,24.0,60,36.0,72.0,2026-03-01,ALERGOLIBER 10MG,Pharmaoverseas,TABLETS + CAPSULES
23,3,24.0,60,36.0,108.0,2026-03-02,ALERGOLIBER 10MG,Pharmaoverseas,TABLETS + CAPSULES
23,4,24.0,60,36.0,144.0,2026-03-03,ALERGOLIBER 10MG,Pharmaoverseas,TABLETS + CAPSULES
23,4,24.0,60,36.0,144.0,2026-03-04,ALERGOLIBER 10MG,Pharmaoverseas,TABLETS + CAPSULES
23,5,24.0,60,36.0,180.0,2026-03-05,ALERGOLIBER 10MG,Pharmaoverseas,TABLETS + CAPSULES
23,4,24.0,60,36.0,144.0,2026-03-06,ALERGOLIBER 10MG,Pharmaoverseas,TABLETS + CAPSULES
23,2,24.0,60,36.0,72.0,2026-03-07,ALERGOLIBER 10MG,Pharmaoverseas,TABLETS + CAPSULES
23,2,24.0,60,36.0,72.0,2026-03-08,ALERGOLIBER 10MG,Pharmaoverseas,TABLETS + CAPSULES
23,2,24.0,60,36.0,72.0,2026-03-09,ALERGOLIBER 10MG,Pharmaoverseas,TABLETS + CAPSULES
23,1,24.0,60,36.0,36.0,2026-03-10,ALERGOLIBER 10MG,Pharmaoverseas,TABLETS + CAPSULES
23,3,24.0,60,36.0,108.0,2026-03-11,ALERGOLIBER 10MG,Pharmaoverseas,TABLETS + CAPSULES
23,1,24.0,60,36.0,36.0,2026-03-12,ALERGOLIBER 10MG,Pharmaoverseas,TABLETS + CAPSULES
23,4,24.0,60,36.0,144.0,2026-03-13,ALERGOLIBER 10MG,Pharmaoverseas,TABLETS + CAPSULES
23,2,24.0,60,36.0,72.0,2026-03-14,ALERGOLIBER 10MG,Pharmaoverseas,TABLETS + CAPSULES
23,2,24.0,60,36.0,72.0,2026-03-15,ALERGOLIBER 10MG,Pharmaoverseas,TABLETS + CAPSULES
23,2,24.0,60,36.0,72.0,2026-03-16,ALERGOLIBER 10MG,Pharmaoverseas,TABLETS + CAPSULES
23,3,24.0,60,36.0,108.0,2026-03-17,ALERGOLIBER 10MG,Pharmaoverseas,TABLETS + CAPSULES
23,3,24.0,60,36.0,108.0,2026-03-18,ALERGOLIBER 10MG,Pharmaoverseas,TABLETS + CAPSULES
23,3,24.0,60,36.0,108.0,2026-03-19,ALERGOLIBER 10MG,Pharmaoverseas,TABLETS + CAPSULES
23,2,24.0,60,36.0,72.0,2026-03-20,ALERGOLIBER 10MG,Pharmaoverseas,TABLETS + CAPSULES
23,1,24.0,60,36.0,36.0,2026-03-21,ALERGOLIBER 10MG,Pharmaoverseas,TABLETS + CAPSULES
24,2,105.6,132,26.4,52.8,2025-12-22,ALFATHROMB 5MG,Pharmaoverseas,TABLETS + CAPSULES
24,2,105.6,132,26.4,52.8,2025-12-23,ALFATHROMB 5MG,Pharmaoverseas,TABLETS + CAPSULES
24,3,105.6,132,26.4,79.2,2025-12-24,ALFATHROMB 5MG,Pharmaoverseas,TABLETS + CAPSULES
24,1,105.6,132,26.4,26.4,2025-12-25,ALFATHROMB 5MG,Pharmaoverseas,TABLETS + CAPSULES
24,2,105.6,132,26.4,52.8,2025-12-26,ALFATHROMB 5MG,Pharmaoverseas,TABLETS + CAPSULES
24,1,105.6,132,26.4,26.4,2025-12-27,ALFATHROMB 5MG,Pharmaoverseas,TABLETS + CAPSULES
24,1,105.6,132,26.4,26.4,2025-12-28,ALFATHROMB 5MG,Pharmaoverseas,TABLETS + CAPSULES
24,2,105.6,132,26.4,52.8,2025-12-29,ALFATHROMB 5MG,Pharmaoverseas,TABLETS + CAPSULES
24,2,105.6,132,26.4,52.8,2025-12-30,ALFATHROMB 5MG,Pharmaoverseas,TABLETS + CAPSULES
24,2,105.6,132,26.4,52.8,2025-12-31,ALFATHROMB 5MG,Pharmaoverseas,TABLETS + CAPSULES
24,2,105.6,132,26.4,52.8,2026-01-01,ALFATHROMB 5MG,Pharmaoverseas,TABLETS + CAPSULES
24,2,105.6,132,26.4,52.8,2026-01-02,ALFATHROMB 5MG,Pharmaoverseas,TABLETS + CAPSULES
24,1,105.6,132,26.4,26.4,2026-01-03,ALFATHROMB 5MG,Pharmaoverseas,TABLETS + CAPSULES
24,1,105.6,132,26.4,26.4,2026-01-04,ALFATHROMB 5MG,Pharmaoverseas,TABLETS + CAPSULES
24,1,105.6,132,26.4,26.4,2026-01-05,ALFATHROMB 5MG,Pharmaoverseas,TABLETS + CAPSULES
24,2,105.6,132,26.4,52.8,2026-01-06,ALFATHROMB 5MG,Pharmaoverseas,TABLETS + CAPSULES
24,2,105.6,132,26.4,52.8,2026-01-07,ALFATHROMB 5MG,Pharmaoverseas,TABLETS + CAPSULES
24,3,105.6,132,26.4,79.2,2026-01-08,ALFATHROMB 5MG,Pharmaoverseas,TABLETS + CAPSULES
24,1,105.6,132,26.4,26.4,2026-01-09,ALFATHROMB 5MG,Pharmaoverseas,TABLETS + CAPSULES
24,1,105.6,132,26.4,26.4,2026-01-10,ALFATHROMB 5MG,Pharmaoverseas,TABLETS + CAPSULES
24,1,105.6,132,26.4,26.4,2026-01-11,ALFATHROMB 5MG,Pharmaoverseas,TABLETS + CAPSULES
24,2,105.6,132,26.4,52.8,2026-01-12,ALFATHROMB 5MG,Pharmaoverseas,TABLETS + CAPSULES
24,3,105.6,132,26.4,79.2,2026-01-13,ALFATHROMB 5MG,Pharmaoverseas,TABLETS + CAPSULES
24,1,105.6,132,26.4,26.4,2026-01-14,ALFATHROMB 5MG,Pharmaoverseas,TABLETS + CAPSULES
24,2,105.6,132,26.4,52.8,2026-01-15,ALFATHROMB 5MG,Pharmaoverseas,TABLETS + CAPSULES
24,2,105.6,132,26.4,52.8,2026-01-16,ALFATHROMB 5MG,Pharmaoverseas,TABLETS + CAPSULES
24,1,105.6,132,26.4,26.4,2026-01-17,ALFATHROMB 5MG,Pharmaoverseas,TABLETS + CAPSULES
24,1,105.6,132,26.4,26.4,2026-01-18,ALFATHROMB 5MG,Pharmaoverseas,TABLETS + CAPSULES
24,2,105.6,132,26.4,52.8,2026-01-19,ALFATHROMB 5MG,Pharmaoverseas,TABLETS + CAPSULES
24,3,105.6,132,26.4,79.2,2026-01-20,ALFATHROMB 5MG,Pharmaoverseas,TABLETS + CAPSULES
24,2,105.6,132,26.4,52.8,2026-01-21,ALFATHROMB 5MG,Pharmaoverseas,TABLETS + CAPSULES
24,2,105.6,132,26.4,52.8,2026-01-22,ALFATHROMB 5MG,Pharmaoverseas,TABLETS + CAPSULES
24,2,105.6,132,26.4,52.8,2026-01-23,ALFATHROMB 5MG,Pharmaoverseas,TABLETS + CAPSULES
24,1,105.6,132,26.4,26.4,2026-01-24,ALFATHROMB 5MG,Pharmaoverseas,TABLETS + CAPSULES
24,2,105.6,132,26.4,52.8,2026-01-25,ALFATHROMB 5MG,Pharmaoverseas,TABLETS + CAPSULES
24,2,105.6,132,26.4,52.8,2026-01-26,ALFATHROMB 5MG,Pharmaoverseas,TABLETS + CAPSULES
24,1,105.6,132,26.4,26.4,2026-01-27,ALFATHROMB 5MG,Pharmaoverseas,TABLETS + CAPSULES
24,2,105.6,132,26.4,52.8,2026-01-28,ALFATHROMB 5MG,Pharmaoverseas,TABLETS + CAPSULES
24,1,105.6,132,26.4,26.4,2026-01-29,ALFATHROMB 5MG,Pharmaoverseas,TABLETS + CAPSULES
24,3,105.6,132,26.4,79.2,2026-01-30,ALFATHROMB 5MG,Pharmaoverseas,TABLETS + CAPSULES
24,1,105.6,132,26.4,26.4,2026-01-31,ALFATHROMB 5MG,Pharmaoverseas,TABLETS + CAPSULES
24,1,105.6,132,26.4,26.4,2026-02-01,ALFATHROMB 5MG,Pharmaoverseas,TABLETS + CAPSULES
24,1,105.6,132,26.4,26.4,2026-02-02,ALFATHROMB 5MG,Pharmaoverseas,TABLETS + CAPSULES
24,2,105.6,132,26.4,52.8,2026-02-03,ALFATHROMB 5MG,Pharmaoverseas,TABLETS + CAPSULES
24,3,105.6,132,26.4,79.2,2026-02-04,ALFATHROMB 5MG,Pharmaoverseas,TABLETS + CAPSULES
24,1,105.6,132,26.4,26.4,2026-02-05,ALFATHROMB 5MG,Pharmaoverseas,TABLETS + CAPSULES
24,2,105.6,132,26.4,52.8,2026-02-06,ALFATHROMB 5MG,Pharmaoverseas,TABLETS + CAPSULES
24,1,105.6,132,26.4,26.4,2026-02-07,ALFATHROMB 5MG,Pharmaoverseas,TABLETS + CAPSULES
24,2,105.6,132,26.4,52.8,2026-02-08,ALFATHROMB 5MG,Pharmaoverseas,TABLETS + CAPSULES
24,2,105.6,132,26.4,52.8,2026-02-09,ALFATHROMB 5MG,Pharmaoverseas,TABLETS + CAPSULES
24,2,105.6,132,26.4,52.8,2026-02-10,ALFATHROMB 5MG,Pharmaoverseas,TABLETS + CAPSULES
24,1,105.6,132,26.4,26.4,2026-02-11,ALFATHROMB 5MG,Pharmaoverseas,TABLETS + CAPSULES
24,2,105.6,132,26.4,52.8,2026-02-12,ALFATHROMB 5MG,Pharmaoverseas,TABLETS + CAPSULES
24,2,105.6,132,26.4,52.8,2026-02-13,ALFATHROMB 5MG,Pharmaoverseas,TABLETS + CAPSULES
24,1,105.6,132,26.4,26.4,2026-02-14,ALFATHROMB 5MG,Pharmaoverseas,TABLETS + CAPSULES
24,1,105.6,132,26.4,26.4,2026-02-15,ALFATHROMB 5MG,Pharmaoverseas,TABLETS + CAPSULES
24,2,105.6,132,26.4,52.8,2026-02-16,ALFATHROMB 5MG,Pharmaoverseas,TABLETS + CAPSULES
24,1,105.6,132,26.4,26.4,2026-02-17,ALFATHROMB 5MG,Pharmaoverseas,TABLETS + CAPSULES
24,2,105.6,132,26.4,52.8,2026-02-18,ALFATHROMB 5MG,Pharmaoverseas,TABLETS + CAPSULES
24,1,105.6,132,26.4,26.4,2026-02-19,ALFATHROMB 5MG,Pharmaoverseas,TABLETS + CAPSULES
24,1,105.6,132,26.4,26.4,2026-02-20,ALFATHROMB 5MG,Pharmaoverseas,TABLETS + CAPSULES
24,1,105.6,132,26.4,26.4,2026-02-21,ALFATHROMB 5MG,Pharmaoverseas,TABLETS + CAPSULES
24,1,105.6,132,26.4,26.4,2026-02-23,ALFATHROMB 5MG,Pharmaoverseas,TABLETS + CAPSULES
24,2,105.6,132,26.4,52.8,2026-02-24,ALFATHROMB 5MG,Pharmaoverseas,TABLETS + CAPSULES
24,1,105.6,132,26.4,26.4,2026-02-25,ALFATHROMB 5MG,Pharmaoverseas,TABLETS + CAPSULES
24,2,105.6,132,26.4,52.8,2026-02-26,ALFATHROMB 5MG,Pharmaoverseas,TABLETS + CAPSULES
24,2,105.6,132,26.4,52.8,2026-02-27,ALFATHROMB 5MG,Pharmaoverseas,TABLETS + CAPSULES
24,2,105.6,132,26.4,52.8,2026-02-28,ALFATHROMB 5MG,Pharmaoverseas,TABLETS + CAPSULES
24,1,105.6,132,26.4,26.4,2026-03-01,ALFATHROMB 5MG,Pharmaoverseas,TABLETS + CAPSULES
24,2,105.6,132,26.4,52.8,2026-03-02,ALFATHROMB 5MG,Pharmaoverseas,TABLETS + CAPSULES
24,3,105.6,132,26.4,79.2,2026-03-04,ALFATHROMB 5MG,Pharmaoverseas,TABLETS + CAPSULES
24,2,105.6,132,26.4,52.8,2026-03-05,ALFATHROMB 5MG,Pharmaoverseas,TABLETS + CAPSULES
24,2,105.6,132,26.4,52.8,2026-03-06,ALFATHROMB 5MG,Pharmaoverseas,TABLETS + CAPSULES
24,2,105.6,132,26.4,52.8,2026-03-07,ALFATHROMB 5MG,Pharmaoverseas,TABLETS + CAPSULES
24,2,105.6,132,26.4,52.8,2026-03-08,ALFATHROMB 5MG,Pharmaoverseas,TABLETS + CAPSULES
24,3,105.6,132,26.4,79.2,2026-03-09,ALFATHROMB 5MG,Pharmaoverseas,TABLETS + CAPSULES
24,2,105.6,132,26.4,52.8,2026-03-10,ALFATHROMB 5MG,Pharmaoverseas,TABLETS + CAPSULES
24,4,105.6,132,26.4,105.6,2026-03-11,ALFATHROMB 5MG,Pharmaoverseas,TABLETS + CAPSULES
24,2,105.6,132,26.4,52.8,2026-03-12,ALFATHROMB 5MG,Pharmaoverseas,TABLETS + CAPSULES
24,3,105.6,132,26.4,79.2,2026-03-13,ALFATHROMB 5MG,Pharmaoverseas,TABLETS + CAPSULES
24,1,105.6,132,26.4,26.4,2026-03-14,ALFATHROMB 5MG,Pharmaoverseas,TABLETS + CAPSULES
24,1,105.6,132,26.4,26.4,2026-03-15,ALFATHROMB 5MG,Pharmaoverseas,TABLETS + CAPSULES
24,1,105.6,132,26.4,26.4,2026-03-16,ALFATHROMB 5MG,Pharmaoverseas,TABLETS + CAPSULES
24,2,105.6,132,26.4,52.8,2026-03-17,ALFATHROMB 5MG,Pharmaoverseas,TABLETS + CAPSULES
24,3,105.6,132,26.4,79.2,2026-03-18,ALFATHROMB 5MG,Pharmaoverseas,TABLETS + CAPSULES
24,3,105.6,132,26.4,79.2,2026-03-19,ALFATHROMB 5MG,Pharmaoverseas,TABLETS + CAPSULES
24,3,105.6,132,26.4,79.2,2026-03-20,ALFATHROMB 5MG,Pharmaoverseas,TABLETS + CAPSULES
25,1,34.5,46,11.5,11.5,2025-12-22,ALGESAL SUREACTIVE 40GM CREAM,CHEMI-PHARM,Oint-Cream-Gel
25,1,34.5,46,11.5,11.5,2025-12-23,ALGESAL SUREACTIVE 40GM CREAM,CHEMI-PHARM,Oint-Cream-Gel
25,1,34.5,46,11.5,11.5,2025-12-24,ALGESAL SUREACTIVE 40GM CREAM,CHEMI-PHARM,Oint-Cream-Gel
25,1,34.5,46,11.5,11.5,2025-12-25,ALGESAL SUREACTIVE 40GM CREAM,CHEMI-PHARM,Oint-Cream-Gel
25,2,34.5,46,11.5,23.0,2025-12-26,ALGESAL SUREACTIVE 40GM CREAM,CHEMI-PHARM,Oint-Cream-Gel
25,1,34.5,46,11.5,11.5,2025-12-27,ALGESAL SUREACTIVE 40GM CREAM,CHEMI-PHARM,Oint-Cream-Gel
25,1,34.5,46,11.5,11.5,2025-12-28,ALGESAL SUREACTIVE 40GM CREAM,CHEMI-PHARM,Oint-Cream-Gel
25,1,34.5,46,11.5,11.5,2025-12-29,ALGESAL SUREACTIVE 40GM CREAM,CHEMI-PHARM,Oint-Cream-Gel
25,1,34.5,46,11.5,11.5,2025-12-30,ALGESAL SUREACTIVE 40GM CREAM,CHEMI-PHARM,Oint-Cream-Gel
25,1,34.5,46,11.5,11.5,2025-12-31,ALGESAL SUREACTIVE 40GM CREAM,CHEMI-PHARM,Oint-Cream-Gel
25,2,34.5,46,11.5,23.0,2026-01-01,ALGESAL SUREACTIVE 40GM CREAM,CHEMI-PHARM,Oint-Cream-Gel
25,1,34.5,46,11.5,11.5,2026-01-02,ALGESAL SUREACTIVE 40GM CREAM,CHEMI-PHARM,Oint-Cream-Gel
25,1,34.5,46,11.5,11.5,2026-01-03,ALGESAL SUREACTIVE 40GM CREAM,CHEMI-PHARM,Oint-Cream-Gel
25,1,34.5,46,11.5,11.5,2026-01-04,ALGESAL SUREACTIVE 40GM CREAM,CHEMI-PHARM,Oint-Cream-Gel
25,1,34.5,46,11.5,11.5,2026-01-05,ALGESAL SUREACTIVE 40GM CREAM,CHEMI-PHARM,Oint-Cream-Gel
25,1,34.5,46,11.5,11.5,2026-01-06,ALGESAL SUREACTIVE 40GM CREAM,CHEMI-PHARM,Oint-Cream-Gel
25,1,34.5,46,11.5,11.5,2026-01-07,ALGESAL SUREACTIVE 40GM CREAM,CHEMI-PHARM,Oint-Cream-Gel
25,1,34.5,46,11.5,11.5,2026-01-08,ALGESAL SUREACTIVE 40GM CREAM,CHEMI-PHARM,Oint-Cream-Gel
25,2,34.5,46,11.5,23.0,2026-01-09,ALGESAL SUREACTIVE 40GM CREAM,CHEMI-PHARM,Oint-Cream-Gel
25,1,34.5,46,11.5,11.5,2026-01-10,ALGESAL SUREACTIVE 40GM CREAM,CHEMI-PHARM,Oint-Cream-Gel
25,1,34.5,46,11.5,11.5,2026-01-11,ALGESAL SUREACTIVE 40GM CREAM,CHEMI-PHARM,Oint-Cream-Gel
25,1,34.5,46,11.5,11.5,2026-01-12,ALGESAL SUREACTIVE 40GM CREAM,CHEMI-PHARM,Oint-Cream-Gel
25,1,34.5,46,11.5,11.5,2026-01-13,ALGESAL SUREACTIVE 40GM CREAM,CHEMI-PHARM,Oint-Cream-Gel
25,2,34.5,46,11.5,23.0,2026-01-14,ALGESAL SUREACTIVE 40GM CREAM,CHEMI-PHARM,Oint-Cream-Gel
25,2,34.5,46,11.5,23.0,2026-01-15,ALGESAL SUREACTIVE 40GM CREAM,CHEMI-PHARM,Oint-Cream-Gel
25,1,34.5,46,11.5,11.5,2026-01-16,ALGESAL SUREACTIVE 40GM CREAM,CHEMI-PHARM,Oint-Cream-Gel
25,1,34.5,46,11.5,11.5,2026-01-18,ALGESAL SUREACTIVE 40GM CREAM,CHEMI-PHARM,Oint-Cream-Gel
25,2,34.5,46,11.5,23.0,2026-01-19,ALGESAL SUREACTIVE 40GM CREAM,CHEMI-PHARM,Oint-Cream-Gel
25,2,34.5,46,11.5,23.0,2026-01-20,ALGESAL SUREACTIVE 40GM CREAM,CHEMI-PHARM,Oint-Cream-Gel
25,1,34.5,46,11.5,11.5,2026-01-21,ALGESAL SUREACTIVE 40GM CREAM,CHEMI-PHARM,Oint-Cream-Gel
25,1,34.5,46,11.5,11.5,2026-01-22,ALGESAL SUREACTIVE 40GM CREAM,CHEMI-PHARM,Oint-Cream-Gel
25,2,34.5,46,11.5,23.0,2026-01-23,ALGESAL SUREACTIVE 40GM CREAM,CHEMI-PHARM,Oint-Cream-Gel
25,1,34.5,46,11.5,11.5,2026-01-24,ALGESAL SUREACTIVE 40GM CREAM,CHEMI-PHARM,Oint-Cream-Gel
25,1,34.5,46,11.5,11.5,2026-01-25,ALGESAL SUREACTIVE 40GM CREAM,CHEMI-PHARM,Oint-Cream-Gel
25,1,34.5,46,11.5,11.5,2026-01-26,ALGESAL SUREACTIVE 40GM CREAM,CHEMI-PHARM,Oint-Cream-Gel
25,1,34.5,46,11.5,11.5,2026-01-27,ALGESAL SUREACTIVE 40GM CREAM,CHEMI-PHARM,Oint-Cream-Gel
25,1,34.5,46,11.5,11.5,2026-01-28,ALGESAL SUREACTIVE 40GM CREAM,CHEMI-PHARM,Oint-Cream-Gel
25,1,34.5,46,11.5,11.5,2026-01-29,ALGESAL SUREACTIVE 40GM CREAM,CHEMI-PHARM,Oint-Cream-Gel
25,1,34.5,46,11.5,11.5,2026-01-30,ALGESAL SUREACTIVE 40GM CREAM,CHEMI-PHARM,Oint-Cream-Gel
25,1,34.5,46,11.5,11.5,2026-01-31,ALGESAL SUREACTIVE 40GM CREAM,CHEMI-PHARM,Oint-Cream-Gel
25,1,34.5,46,11.5,11.5,2026-02-01,ALGESAL SUREACTIVE 40GM CREAM,CHEMI-PHARM,Oint-Cream-Gel
25,2,34.5,46,11.5,23.0,2026-02-02,ALGESAL SUREACTIVE 40GM CREAM,CHEMI-PHARM,Oint-Cream-Gel
25,1,34.5,46,11.5,11.5,2026-02-03,ALGESAL SUREACTIVE 40GM CREAM,CHEMI-PHARM,Oint-Cream-Gel
25,1,34.5,46,11.5,11.5,2026-02-04,ALGESAL SUREACTIVE 40GM CREAM,CHEMI-PHARM,Oint-Cream-Gel
25,1,34.5,46,11.5,11.5,2026-02-05,ALGESAL SUREACTIVE 40GM CREAM,CHEMI-PHARM,Oint-Cream-Gel
25,2,34.5,46,11.5,23.0,2026-02-06,ALGESAL SUREACTIVE 40GM CREAM,CHEMI-PHARM,Oint-Cream-Gel
25,1,34.5,46,11.5,11.5,2026-02-07,ALGESAL SUREACTIVE 40GM CREAM,CHEMI-PHARM,Oint-Cream-Gel
25,1,34.5,46,11.5,11.5,2026-02-09,ALGESAL SUREACTIVE 40GM CREAM,CHEMI-PHARM,Oint-Cream-Gel
25,2,34.5,46,11.5,23.0,2026-02-10,ALGESAL SUREACTIVE 40GM CREAM,CHEMI-PHARM,Oint-Cream-Gel
25,1,34.5,46,11.5,11.5,2026-02-11,ALGESAL SUREACTIVE 40GM CREAM,CHEMI-PHARM,Oint-Cream-Gel
25,1,34.5,46,11.5,11.5,2026-02-12,ALGESAL SUREACTIVE 40GM CREAM,CHEMI-PHARM,Oint-Cream-Gel
25,1,34.5,46,11.5,11.5,2026-02-13,ALGESAL SUREACTIVE 40GM CREAM,CHEMI-PHARM,Oint-Cream-Gel
25,1,34.5,46,11.5,11.5,2026-02-14,ALGESAL SUREACTIVE 40GM CREAM,CHEMI-PHARM,Oint-Cream-Gel
25,1,34.5,46,11.5,11.5,2026-02-15,ALGESAL SUREACTIVE 40GM CREAM,CHEMI-PHARM,Oint-Cream-Gel
25,1,34.5,46,11.5,11.5,2026-02-16,ALGESAL SUREACTIVE 40GM CREAM,CHEMI-PHARM,Oint-Cream-Gel
25,1,34.5,46,11.5,11.5,2026-02-17,ALGESAL SUREACTIVE 40GM CREAM,CHEMI-PHARM,Oint-Cream-Gel
25,1,34.5,46,11.5,11.5,2026-02-18,ALGESAL SUREACTIVE 40GM CREAM,CHEMI-PHARM,Oint-Cream-Gel
25,1,34.5,46,11.5,11.5,2026-02-19,ALGESAL SUREACTIVE 40GM CREAM,CHEMI-PHARM,Oint-Cream-Gel
25,1,34.5,46,11.5,11.5,2026-02-20,ALGESAL SUREACTIVE 40GM CREAM,CHEMI-PHARM,Oint-Cream-Gel
25,1,34.5,46,11.5,11.5,2026-02-22,ALGESAL SUREACTIVE 40GM CREAM,CHEMI-PHARM,Oint-Cream-Gel
25,2,34.5,46,11.5,23.0,2026-02-23,ALGESAL SUREACTIVE 40GM CREAM,CHEMI-PHARM,Oint-Cream-Gel
25,2,34.5,46,11.5,23.0,2026-02-24,ALGESAL SUREACTIVE 40GM CREAM,CHEMI-PHARM,Oint-Cream-Gel
25,2,34.5,46,11.5,23.0,2026-02-25,ALGESAL SUREACTIVE 40GM CREAM,CHEMI-PHARM,Oint-Cream-Gel
25,1,34.5,46,11.5,11.5,2026-02-26,ALGESAL SUREACTIVE 40GM CREAM,CHEMI-PHARM,Oint-Cream-Gel
25,1,34.5,46,11.5,11.5,2026-02-27,ALGESAL SUREACTIVE 40GM CREAM,CHEMI-PHARM,Oint-Cream-Gel
25,1,34.5,46,11.5,11.5,2026-02-28,ALGESAL SUREACTIVE 40GM CREAM,CHEMI-PHARM,Oint-Cream-Gel
25,1,34.5,46,11.5,11.5,2026-03-01,ALGESAL SUREACTIVE 40GM CREAM,CHEMI-PHARM,Oint-Cream-Gel
25,2,34.5,46,11.5,23.0,2026-03-02,ALGESAL SUREACTIVE 40GM CREAM,CHEMI-PHARM,Oint-Cream-Gel
25,1,34.5,46,11.5,11.5,2026-03-03,ALGESAL SUREACTIVE 40GM CREAM,CHEMI-PHARM,Oint-Cream-Gel
25,2,34.5,46,11.5,23.0,2026-03-04,ALGESAL SUREACTIVE 40GM CREAM,CHEMI-PHARM,Oint-Cream-Gel
25,1,34.5,46,11.5,11.5,2026-03-05,ALGESAL SUREACTIVE 40GM CREAM,CHEMI-PHARM,Oint-Cream-Gel
25,1,34.5,46,11.5,11.5,2026-03-06,ALGESAL SUREACTIVE 40GM CREAM,CHEMI-PHARM,Oint-Cream-Gel
25,1,34.5,46,11.5,11.5,2026-03-07,ALGESAL SUREACTIVE 40GM CREAM,CHEMI-PHARM,Oint-Cream-Gel
25,1,34.5,46,11.5,11.5,2026-03-08,ALGESAL SUREACTIVE 40GM CREAM,CHEMI-PHARM,Oint-Cream-Gel
25,2,34.5,46,11.5,23.0,2026-03-09,ALGESAL SUREACTIVE 40GM CREAM,CHEMI-PHARM,Oint-Cream-Gel
25,2,34.5,46,11.5,23.0,2026-03-10,ALGESAL SUREACTIVE 40GM CREAM,CHEMI-PHARM,Oint-Cream-Gel
25,1,34.5,46,11.5,11.5,2026-03-11,ALGESAL SUREACTIVE 40GM CREAM,CHEMI-PHARM,Oint-Cream-Gel
25,2,34.5,46,11.5,23.0,2026-03-13,ALGESAL SUREACTIVE 40GM CREAM,CHEMI-PHARM,Oint-Cream-Gel
25,1,34.5,46,11.5,11.5,2026-03-14,ALGESAL SUREACTIVE 40GM CREAM,CHEMI-PHARM,Oint-Cream-Gel
25,1,34.5,46,11.5,11.5,2026-03-15,ALGESAL SUREACTIVE 40GM CREAM,CHEMI-PHARM,Oint-Cream-Gel
25,1,34.5,46,11.5,11.5,2026-03-16,ALGESAL SUREACTIVE 40GM CREAM,CHEMI-PHARM,Oint-Cream-Gel
25,1,34.5,46,11.5,11.5,2026-03-17,ALGESAL SUREACTIVE 40GM CREAM,CHEMI-PHARM,Oint-Cream-Gel
25,1,34.5,46,11.5,11.5,2026-03-18,ALGESAL SUREACTIVE 40GM CREAM,CHEMI-PHARM,Oint-Cream-Gel
25,1,34.5,46,11.5,11.5,2026-03-19,ALGESAL SUREACTIVE 40GM CREAM,CHEMI-PHARM,Oint-Cream-Gel
25,2,34.5,46,11.5,23.0,2026-03-20,ALGESAL SUREACTIVE 40GM CREAM,CHEMI-PHARM,Oint-Cream-Gel
25,1,34.5,46,11.5,11.5,2026-03-21,ALGESAL SUREACTIVE 40GM CREAM,CHEMI-PHARM,Oint-Cream-Gel
